name,releaseDate,release_month,publisherClass,copiesSold,price,revenue,avgPlaytime,reviewScore,reviewScore_clean,has_review,is_free,log_revenue,log_copies,log_price,log_playtime,revenue_per_copy,steamId,publishers,developers
WWE 2K24,2024-03-07,3,AAA,165301,99.99,8055097.0,42.36514031444467,71,71.0,True,False,6.906070774589017,5.218275480874341,1.9999565683801925,1.6270086491398836,48.72987459241021,2315690,2K,Visual Concepts
EARTH DEFENSE FORCE 6,2024-07-25,7,Indie,159806,59.99,7882151.0,29.65106126155342,57,57.0,True,False,6.89664475047866,5.2035930810979565,1.778078861937455,1.472040242111351,49.32324818842847,2291060,D3PUBLISHER,SANDLOT
Sins of a Solar Empire II,2024-08-15,8,Indie,214192,49.99,7815247.0,12.45259326556514,88,88.0,True,False,6.892942708400231,5.330803246044215,1.6988831367525903,1.0952598031302678,36.48710969597371,1575940,Stardock Entertainment,"Ironclad Games Corporation,Stardock Entertainment"
Legend of Mortal,2024-06-14,6,Indie,440998,19.99,7756399.0,24.79781729089117,76,76.0,True,False,6.889660141696151,5.644436619873885,1.300812794118117,1.3944134558165706,17.588286114676258,1859910,"Paras Games,Obb Studio Inc.",Obb Studio Inc.
Shin Megami Tensei V: Vengeance,2024-06-13,6,AA,141306,59.99,7629252.0,34.25849627863547,96,96.0,True,False,6.882481960209559,5.150160602836307,1.778078861937455,1.5347682963929714,53.99099825909728,1875830,SEGA,ATLUS
Soulmask,2024-05-30,5,Indie,304685,29.99,7540563.0,95.69781345051696,79,79.0,True,False,6.877403772748456,5.483851073922109,1.476976465759527,1.9809020149218453,24.74871752793869,2646460,Qooland Games,CampFire Studio
The Universim,2024-01-22,1,Indie,328945,29.99,7534369.0,16.86853054897363,81,81.0,True,False,6.877046886206973,5.51712328945972,1.476976465759527,1.2270772519864168,22.90464667345605,352720,Crytivo,Crytivo
Bellwright,2024-04-23,4,Indie,280955,29.99,7481940.0,41.418884797624166,78,78.0,True,False,6.874014221133852,5.448636765397237,1.476976465759527,1.6171984013474336,26.63038564894734,1812450,"Donkey Crew,Snail Games USA",Donkey Crew
Night of the Dead,2024-05-31,5,Indie,394364,29.99,7091792.0,27.59707192847936,79,79.0,True,False,6.85075598939688,5.595897262975718,1.476976465759527,1.4408630055158358,17.982858475925795,1377380,Jackto Studios,Jackto Studios
Empires of the Undergrowth,2024-06-07,6,AA,408292,29.99,6950952.0,38.60212424802546,95,95.0,True,False,6.842044289486892,5.61097087051841,1.476976465759527,1.5866112042523655,17.024462884406258,463530,"Hooded Horse,Slug Disco",Slug Disco
KINGDOM HEARTS -HD 1.5+2.5 ReMIX-,2024-06-13,6,AA,212325,49.99,6828446.0,30.27494811660254,0,,False,False,6.834321879316332,5.327001132756803,1.6988831367525903,1.4810834075477892,32.16034852231249,2552430,Square Enix,Square Enix
ANIMAL WELL,2024-05-09,5,Indie,305891,24.99,6420393.0,8.485381327666017,96,96.0,True,False,6.807561612571592,5.485566699253926,1.39776625612645,0.9286713640113754,20.989152998944068,813230,Bigmode,Billy Basso
Age of Mythology: Retold,2024-09-04,9,AAA,236419,29.99,6381185.0,9.389112456991116,91,91.0,True,False,6.804901335644878,5.373682376031444,1.476976465759527,0.9726245408018972,26.990999031380728,1934680,Xbox Game Studios,"World's Edge,Forgotten Empires,Tantalus Media,CaptureAge,Virtuos Games"
STAR WARS™: Battlefront Classic Collection,2024-03-13,3,Indie,185054,35.01,6048340.0,4.360934964168404,0,,False,False,6.781636196509933,5.267298476943439,1.5441921107650325,0.6395796099677632,32.68418947982751,2446550,Aspyr,Aspyr
Another Crab's Treasure,2024-04-25,4,Indie,264723,29.99,5719324.0,10.434608015373133,95,95.0,True,False,6.757344700048405,5.422791675865544,1.476976465759527,1.0184761390787185,21.604937991787644,1887840,Aggro Crab,Aggro Crab
Homeworld 3,2024-05-13,5,AA,102487,59.99,5516030.0,8.497439609058835,42,42.0,True,False,6.7416266195050865,5.010668780647157,1.778078861937455,0.9292880867536906,53.82175300281987,1840080,Gearbox Publishing,Blackbird Interactive
Winter Memories,2024-01-05,1,Indie,424281,19.99,5478333.0,8.98400541606548,0,,False,False,6.738648427273004,5.627653583781903,1.300812794118117,0.9534700050707036,12.9120394267007,2495450,Kagura Games,Dojin Otome
Nine Sols,2024-05-28,5,Indie,214407,29.99,5475592.0,17.894843749042394,96,96.0,True,False,6.738431080303814,5.331238960179998,1.476976465759527,1.2527279106486306,25.53830798434753,1809540,RedCandleGames,RedCandleGames
Outpost: Infinity Siege,2024-03-26,3,AA,278031,24.99,5312327.0,35.08670209892025,68,68.0,True,False,6.725284800156017,5.444093221739489,1.39776625612645,1.54514254953345,19.106959295905853,1566690,Lightning Games,Team Ranger
Sker Ritual,2024-04-18,4,Indie,267953,24.99,5058868.0,6.477539083793293,82,82.0,True,False,6.704053347600006,5.428058623764972,1.39776625612645,0.8114100420861992,18.879684123708262,1492070,Wales Interactive,Wales Interactive
shapez 2,2024-08-15,8,Indie,261028,24.99,4810868.0,16.307715687349233,99,99.0,True,False,6.682223440947863,5.4166870958182285,1.39776625612645,1.212393131251317,18.43046722956924,2162800,"tobspr Games,Gamera Games",tobspr Games
Senua’s Saga: Hellblade II,2024-05-21,5,AAA,107010,49.99,4747832.0,5.160077378916766,88,88.0,True,False,6.676495343230363,5.029424364058016,1.6988831367525903,0.7126562142211259,44.36811512942715,2461850,Xbox Game Studios,Ninja Theory
Pixel Gun 3D: PC Edition,2024-04-02,4,Indie,1626877,0.0,4707782.0,11.89782337701754,62,62.0,True,True,6.672816344063268,6.2113547193532295,,1.0754675175427193,2.893754106794798,2524890,Cubic Games Studio,Cubic Games Studio
Backpack Battles,2024-03-08,3,Indie,499559,12.99,4663468.0,42.85143977627138,90,90.0,True,False,6.668709001047174,5.698586787579536,1.113609151073028,1.6319654184735723,9.33516961960449,2427700,"PlayWithFurcifer,IndieArk",PlayWithFurcifer
Crime Scene Cleaner,2024-08-14,8,Indie,285596,19.99,4644684.0,8.5955248244436,98,98.0,True,False,6.666956172210258,5.455752120505773,1.300812794118117,0.9342723989289784,16.263126934550904,1040200,"President Studio,PlayWay S.A.",President Studio
Kebab Chefs! - Restaurant Simulator,2024-01-19,1,Indie,312189,17.99,4552032.0,9.479225359641724,89,89.0,True,False,6.6582053064130635,5.494417596601276,1.2550311633455513,0.976772848331858,14.581013424560124,1001270,Biotech Gameworks,Biotech Gameworks
Predecessor,2024-08-20,8,Indie,433605,0.0,4523839.944318563,109.91382768034087,79,79.0,True,True,6.655507230972935,5.637094281509781,,2.041052332164228,10.43308989591578,961200,Omeda Studios,Omeda Studios
Palia,2024-03-25,3,Indie,881082,0.0,4263470.0,47.02791482592875,78,78.0,True,True,6.6297632114074405,5.945016328945873,,1.672355722958945,4.8389026220034,2707930,Singularity 6 Corporation,Singularity 6 Corporation
"Little Kitty, Big City",2024-05-09,5,Indie,206880,24.99,4238137.0,4.143531272874482,95,95.0,True,False,6.627174991398455,5.315718507536319,1.39776625612645,0.6173706209848517,20.48596771075019,1177980,Double Dagger Studio,Double Dagger Studio
Secrets of Grindea,2024-02-29,2,Indie,314988,14.99,4161183.0,21.69826525906877,90,90.0,True,False,6.619216815562852,5.498294008922767,1.1758016328482794,1.3364250141006377,13.210608023162788,269770,Pixel Ferrets,Pixel Ferrets
Chrono Ark,2024-05-02,5,Indie,301197,24.99,4113334.0,37.2041660638596,91,91.0,True,False,6.614193975365639,5.478850641864871,1.39776625612645,1.5705915742163197,13.656623405943618,1188930,Al Fine,Al Fine
Nova Drift,2024-08-12,8,Indie,445361,17.99,4047331.0,24.72868457429413,96,96.0,True,False,6.607168723441527,5.648712183451555,1.2550311633455513,1.3932010149735243,9.087753530282177,858210,Pixeljam,Chimeric
Kingdom Rush 5: Alliance TD,2024-07-25,7,Indie,245264,19.99,4042356.0,9.09008744972337,86,86.0,True,False,6.606634558072742,5.389633806874463,1.300812794118117,0.9585680613022335,16.481652423510994,2849080,Ironhide Game Studio,Ironhide Game Studio
Norland,2024-07-18,7,AA,170621,29.99,3991591.0,18.46350698089453,79,79.0,True,False,6.6011460347338025,5.232032483002909,1.476976465759527,1.2663141949453272,23.3944883689581,1857090,Hooded Horse,Long Jaunt
Eiyuden Chronicle: Hundred Heroes,2024-04-23,4,AA,91925,49.99,3953243.0,26.18784418359856,0,,False,False,6.59695351060291,4.9634336385409,1.6988831367525903,1.4180997482265647,43.005091106880606,1658280,505 Games,Rabbit & Bear Studios
Le Mans Ultimate,2024-02-20,2,Indie,120703,32.99,3740762.0,24.51989839725174,78,78.0,True,False,6.5729600777852815,5.081718064357949,1.518382315545344,1.389518666270344,30.991458373031325,2399420,Studio 397,Studio 397
The Hungry Lamb: Traveling in the Late Ming Dynasty,2024-04-22,4,Indie,588305,9.99,3689551.0,5.515544910785541,97,97.0,True,False,6.5669735178969875,5.769602539468837,0.9995654882259823,0.7415884252180673,6.27149352801693,2593370,"零创游戏(ZerocreationGame),2P Games",零创游戏(ZerocreationGame)
Fabledom,2024-05-13,5,Indie,274354,20.99,3559827.0,9.741550826316857,90,90.0,True,False,6.551428892700125,5.438311296463076,1.3220124385824004,0.9886281007901273,12.975305627036605,1651560,"Dear Villagers,Doyoyo Games",Grenaa Games
Apollo Justice: Ace Attorney Trilogy,2024-01-24,1,AAA,89327,49.99,3465018.0,40.0243065252875,93,93.0,True,False,6.539705495017197,4.95098274868349,1.6988831367525903,1.6023238159230033,38.79026498147257,2187220,"CAPCOM Co., Ltd.","CAPCOM Co., Ltd."
F1® Manager 2024,2024-07-23,7,AA,111464,34.99,3428483.0,22.803547133217016,66,66.0,True,False,6.535102000374386,5.047134624102893,1.5439439424829065,1.3580024075514492,30.75865750376803,2591280,Frontier Developments,Frontier Developments
Men of War II,2024-05-15,5,Indie,84565,44.99,3406127.0,21.05376649227358,0,,False,False,6.532260836923979,4.927190653204442,1.6531159931655668,1.3233298018573647,40.27821202625199,1128860,Fulqrum Publishing,Best Way
Banishers: Ghosts of New Eden,2024-02-12,2,AA,78137,49.99,3387809.0,22.31599204035413,87,87.0,True,False,6.529918917424812,4.89285673286193,1.6988831367525903,1.348616197834635,43.35729551940822,1493640,Focus Entertainment,DON'T NOD
Buckshot Roulette,2024-04-04,4,Indie,1486957,2.99,3369649.0,2.995872787721658,95,95.0,True,False,6.52758466487662,6.172298409723879,0.4756711883244297,0.476523368185148,2.2661374874996385,2835570,CRITICAL REFLEX,Mike Klubnika
Fields of Mistria,2024-08-05,8,Indie,265456,13.99,3342356.0,15.649349536238686,98,98.0,True,False,6.5240527054620525,5.4239925459794645,1.1458177144918276,1.194496290847769,12.590998131517088,2142790,NPC Studio,NPC Studio
FOREWARNED,2024-04-25,4,Indie,366053,12.99,3322822.0,8.447204850866648,91,91.0,True,False,6.521507077213619,5.563543970479455,1.113609151073028,0.926713026267675,9.077434142050468,1562420,Dreambyte Games,Dreambyte Games
Midnight Ghost Hunt,2024-03-21,3,AA,371470,19.99,3272209.0,11.916997192362892,78,78.0,True,False,6.514841034806112,5.569923745793637,1.300812794118117,1.0761668370254356,8.808810940318196,915810,Coffee Stain Publishing,Vaulted Sky Games
Tomb Raider I-III Remastered Starring Lara Croft,2024-02-13,2,Indie,125073,29.99,3262820.0,25.629116385966054,87,87.0,True,False,6.513593115723827,5.09716356695494,1.476976465759527,1.4087336332886433,26.08732500219872,2478970,Aspyr,"Aspyr,Crystal Dynamics"
Five Nights at Freddy's: Into the Pit,2024-08-07,8,Indie,181334,19.99,3262379.0,5.095655826350983,96,96.0,True,False,6.513534412880646,5.258479241646472,1.300812794118117,0.7072000869559526,17.990994518402506,2638370,Mega Cat Studios,Mega Cat Studios
EA SPORTS™ Madden NFL 25,2024-08-15,8,AAA,50521,69.99,3182368.0,16.10649107133234,50,50.0,True,False,6.502750398795288,4.703471938284396,1.845035993513415,1.2070009361769118,62.99099384414402,2582560,Electronic Arts,Tiburon
Rotwood,2024-04-24,4,AA,412521,10.99,3180800.0,8.798469833185573,73,73.0,True,False,6.502536362717219,5.615446061860435,1.0409976924234905,0.9444071493334839,7.710637761471538,2015270,Klei Entertainment,Klei Entertainment
Hookah Haze,2024-07-10,7,Indie,17717,17.99,263733.0,4.766068924187017,92,92.0,True,False,5.421164474963044,4.248390185172511,1.2550311633455513,0.6781603185764571,14.885872326014562,2470300,Aniplex Inc.,ACQUIRE Corp.
Future Fragments,2024-02-22,2,Indie,14679,19.99,263197.0,6.791463008808835,80,80.0,True,False,5.420280934748639,4.166696470479601,1.300812794118117,0.8319633395546844,17.93017235506506,1238920,"Taboo Toad,Shady Corner Games",The Future Fragments Team
Botany Manor,2024-04-09,4,Indie,12312,24.99,263004.0,3.329619728276769,96,96.0,True,False,5.419962353678797,4.090328606823422,1.39776625612645,0.522394636106486,21.36159844054581,1425350,Whitethorn Games,Balloon Studios
Scarlet Tower,2024-03-25,3,Indie,66201,4.99,262728.0,10.807864513617217,86,86.0,True,False,5.419506359795917,4.820864549729757,0.69810054562339,1.033739891772928,3.968640957085241,2181720,Pyxeralia LLC,Pyxeralia LLC
Vellum,2024-03-28,3,Indie,15742,19.99,260940.0,7.258494933109757,90,90.0,True,False,5.416540658048979,4.197059908060209,1.300812794118117,0.860846577999293,16.57603862279253,917950,"Alvios, Inc.",Alvios Games
Supernatural,2024-07-15,7,Indie,34355,8.99,260449.0,1.582619871033138,63,63.0,True,False,5.415722694288141,4.535989952876927,0.9537596917332288,0.19937661433339865,7.581109008877893,2093010,Hitori De Productions,Hitori De Productions
Viking Rise: Valhalla,2024-05-21,5,Indie,20537,0.0,259513.0,36.62029672226122,75,75.0,True,True,5.414159118203173,4.312537003107304,,1.5637218589257713,12.636363636363637,2819520,IGG SINGAPORE PTE. LTD.,IGG SINGAPORE PTE. LTD.
LONESTAR,2024-01-18,1,Indie,36933,9.99,259157.0,20.516837545390125,0,,False,False,5.413562943911865,4.567414586029773,0.9995654882259823,1.312110419674121,7.016949611458587,2056210,Thermite Games,Math Tide
Yohane the Parhelion - NUMAZU in the MIRAGE -,2024-02-21,2,Indie,10048,29.99,258574.0,11.459016872346174,93,93.0,True,False,5.412584853784101,4.002079626393121,1.476976465759527,1.059147358885265,25.73387738853503,2459750,BeXide Inc.,BeXide Inc.
Revue Starlight El Dorado,2024-08-07,8,Indie,9499,29.99,256387.0,5.427033571710683,98,98.0,True,False,5.408896000677524,3.9776778876739938,1.476976465759527,0.7345625081399334,26.99094641541215,2849960,Bushiroad Inc.,Frontwing
The Brew Barons,2024-03-01,3,Indie,14325,21.99,256071.0,13.184460733075102,0,,False,False,5.408360397472284,4.156094630639427,1.3422252293607904,1.1200623711078912,17.875811518324607,1636710,Lifetap Studios,Lifetap Studios
Contain,2024-01-16,1,Indie,12768,13.99,255512.0,2.503693650275288,60,60.0,True,False,5.4074113013842435,4.106122874006654,1.1458177144918276,0.3985811879032732,20.011904761904763,2186700,SinginGiant,SinginGiant
Brothers: A Tale of Two Sons Remake,2024-02-28,2,AA,21858,19.99,255441.0,2.3648222677036745,68,68.0,True,False,5.4072906057100285,4.33961042162556,1.300812794118117,0.37379850614948285,11.686384847653033,2153350,505 Games,Avantgarden SRL
Voice Love on Air,2024-03-27,3,Indie,10136,29.99,254966.0,11.2397919153104,90,90.0,True,False,5.406482270642297,4.005866601875385,1.476976465759527,1.050758271120144,25.154498816101025,2321120,SOFTSTAR ENTERTAINMENT,"SOFTSTAR ENTERTAINMENT,Noisy Fish"
Great Houses of Calderia,2024-05-02,5,Indie,14675,24.99,253627.0,8.063675087275312,78,78.0,True,False,5.404195484725638,4.166578109919652,1.39776625612645,0.9065330202613894,17.282930153321978,1812910,Firesquid,Resistance Games
King Arthur: Legion IX,2024-05-09,5,Indie,15238,19.99,252953.0,12.391322087258976,71,71.0,True,False,5.403039834468918,4.182927969236992,1.300812794118117,1.0931176457279101,16.60014437590235,2739830,NeocoreGames,NeocoreGames
SENTRY,2024-03-25,3,Indie,15063,19.99,251556.0,6.484102923591283,85,85.0,True,False,5.4006346803809695,4.1779114760940095,1.300812794118117,0.8118498998829842,16.700258912567218,1252680,Fireblade Software,Fireblade Software
Nexus 5X,2024-04-18,4,Indie,19791,14.99,250950.0,20.865414536197893,95,95.0,True,False,5.399587200018075,4.296467738800115,1.1758016328482794,1.3194270173245037,12.680006063362134,1983990,Paradox Arc,Whatboy Games
AutoForge,2024-03-27,3,Indie,14728,19.99,249767.0,13.221277300296627,89,89.0,True,False,5.397535057478321,4.168143775495959,1.300812794118117,1.1212734141264658,16.958650190114067,1960480,Siege Games,Siege Games
Magic Pussy: Chapter 2,2024-01-13,1,Indie,36601,9.99,249274.0,2.612123877243422,75,75.0,True,False,5.396676982693965,4.563492951201761,0.9995654882259823,0.41699376905309216,6.810578945930439,2512190,Taboo Tales 💘,Taboo Tales 💘
Tennis Manager 2024,2024-05-23,5,Indie,7878,39.99,248804.0,10.221171029632243,83,83.0,True,False,5.395857358189051,3.896415976473123,1.6019514041335217,1.0095006553459573,31.58212744351358,2870110,Rebound CG,Rebound CG
Lifeform Zero,2024-02-22,2,Indie,36772,7.99,243845.0,1.1870703784703778,83,83.0,True,False,5.387113854884845,4.56551725144467,0.9025467793139914,0.07447646796491206,6.631268356358099,1848270,"Mango Party,Mango Party News",Sins of Succubus
Farm Manager World,2024-04-29,4,Indie,14399,19.99,241254.0,20.978020915770703,0,,False,False,5.382474522693659,4.158332331708981,1.300812794118117,1.3217645140814684,16.754913535662197,2206350,"Sim Farm S.A.,PlayWay S.A.",Cleversan Games
Turbo Golf Racing,2024-04-04,4,Indie,27537,9.99,240922.0,8.278991424104499,86,86.0,True,False,5.381876459783943,4.439916624576895,0.9995654882259823,0.9179774327238392,8.749028579729092,1324350,Hugecalf Studios,Hugecalf Studios
Windowkill,2024-02-23,2,Indie,54205,4.99,239666.0,4.033346015712271,97,97.0,True,False,5.37960642761013,4.734039348757123,0.69810054562339,0.605665481186506,4.421474033760723,2726450,torcado,torcado
Bootstrap Island,2024-02-22,2,Indie,11797,24.99,237361.0,4.453969670795021,83,83.0,True,False,5.375409362991828,4.0717715794167555,1.39776625612645,0.6487472553897101,20.12045435280156,1942110,Maru VR Productions,Maru VR Productions
Idle Hero TD - Tower Defense,2024-05-03,5,Indie,13061,0.0,235863.0,189.0570113996993,79,79.0,True,True,5.3726598181381,4.115976429454817,,2.276592788314451,18.05857131919455,2897580,Swell Games LLC,Swell Games LLC
Hairdresser Simulator,2024-03-06,3,Indie,14398,19.99,235724.0,7.94368062025551,49,49.0,True,False,5.372403802027678,4.158302169228023,1.300812794118117,0.9000217748064365,16.37199611057091,1330560,Frozen Way,GameFormatic S.A.
Maniac,2024-03-28,3,Indie,57155,4.99,235604.0,4.290811596159339,91,91.0,True,False,5.372182659473218,4.757054229086944,0.69810054562339,0.6325394456571869,4.1221940337678245,1482380,Skystone Games,Transhuman Design
Nevergrind Online,2024-07-11,7,Indie,27973,15.99,235479.0,43.736640716411806,89,89.0,True,False,5.37195218284166,4.446739045333934,1.2038484637462348,1.6408454230922973,8.418081721660172,853450,Neverworks Games,Neverworks Games
Zoonomaly,2024-03-06,3,Indie,43112,5.99,232416.0,6.127524221454782,72,72.0,True,False,5.366266022481302,4.634598170587969,0.7774268223893114,0.7872850366476348,5.390981629244758,2101890,LIGHTS ARE OFF LLC,LIGHTS ARE OFF LLC
Pepper Grinder,2024-03-28,3,AA,19649,14.99,230628.0,3.0902037504824045,88,88.0,True,False,5.362912032825506,4.293340452648696,1.1758016328482794,0.48998711528015526,11.737391215837956,2076580,Devolver Digital,"Ahr Ech,MP2 Games"
Shashingo: Learn Japanese with Photography,2024-02-27,2,Indie,14012,19.99,229922.0,4.261561103643061,95,95.0,True,False,5.361580528561489,4.146500128645655,1.300812794118117,0.6295687198781729,16.40893519840137,1632490,Autumn Pioneer,Autumn Pioneer
Hexguardian,2024-05-02,5,Indie,24896,11.99,227666.0,16.151996485734074,84,84.0,True,False,5.3572981772338535,4.396129575309595,1.0788191830988487,1.2082262114440978,9.144681876606684,2381740,Yogscast Games,Split Second Games
Modern Pink Elf RPG,2024-02-02,2,Indie,24006,11.99,227642.0,3.399177167134526,88,88.0,True,False,5.357252392544916,4.380319801762641,1.0788191830988487,0.5313738008595277,9.48271265516954,2745710,"Remtairy,CursedAtelier",Warshop
Internet Cafe Evolution,2024-04-19,4,Indie,18075,14.99,225541.0,18.29526412534356,80,80.0,True,False,5.353225501669502,4.257078305966568,1.1758016328482794,1.2623386836969759,12.478063623789764,2600600,Tiny Flame Games,Tiny Flame Games
Primitive Society Simulator,2024-02-26,2,Indie,13359,19.99,224409.0,23.152544840566616,84,84.0,True,False,5.351040270462721,4.125773949850886,1.300812794118117,1.3645987339921104,16.798338198966988,1876880,YSH Games,YSH BigDove
Dystopika,2024-06-21,6,Indie,38869,6.99,224151.0,2.4823713745397766,97,97.0,True,False,5.350540680714696,4.589603367488264,0.8444771757456814,0.39486675453909037,5.7668321798862845,2379910,"Voids Within,UNIKAT Label",Voids Within
Transformative Summer: Life with a TS Companion,2024-08-23,8,Indie,16175,16.99,223483.0,1.763499267186479,90,90.0,True,False,5.349244492626828,4.208844289340738,1.2301933788690456,0.2463752835345918,13.816568778979908,2891040,"HENTAI Plan,OTAKU Plan",88Danuki
Bare Witness,2024-07-20,7,Indie,22016,12.99,223470.0,8.570352837139355,95,95.0,True,False,5.349219228993889,4.3427384165554175,1.113609151073028,0.93299870197784,10.150345203488373,2387380,AlterWorlds,AlterWorlds
Blockbuster Inc.,2024-06-06,6,Indie,10529,24.99,222603.0,7.775502852784427,53,53.0,True,False,5.347531012984612,4.022387125686438,1.39776625612645,0.8907284850464844,21.14189381707665,1793090,Ancient Forge,Super Sly Fox
GUARDS!,2024-03-01,3,Indie,19148,14.99,222412.0,3.8115169276491287,73,73.0,True,False,5.3471582154333515,4.282123418809911,1.1758016328482794,0.5810978528921672,11.61541675370796,2514460,WYLDERZONE,"WYLDERZONE,Lowkey GameDev"
HAWKED,2024-02-15,2,Indie,162606,0.0,221326.0,11.438980059315815,55,55.0,True,True,5.3450324351349705,5.211136566589019,,1.058387302922203,1.3611182859181088,1955960,"MY.GAMES,The 4 Winds Entertainment (MENA and Turkey)",MY.GAMES
TIEBREAK: Official game of the ATP and WTA,2024-08-22,8,AA,6854,49.99,220924.0,14.886697995640557,75,75.0,True,False,5.344242897860535,3.835944100093848,1.6988831367525903,1.172798377987062,32.23285672599942,2264340,Nacon,Big Ant Studios
Builders of Greece,2024-02-27,2,Indie,14537,19.99,220170.0,9.287106790328828,0,,False,False,5.342758142419291,4.162474790438118,1.300812794118117,0.9678804394302214,15.145490816537112,1273100,"CreativeForge Games,PlayWay S.A.","BLUM Entertainment,Strategy Labs"
Chasing Sunsets,2024-08-18,8,Indie,25621,14.99,219632.0,14.334402971391173,94,94.0,True,False,5.341695616337966,4.408596076462783,1.1758016328482794,1.156379609272045,8.572342999882908,1783110,Stone Fox Studios,Stone Fox Studios
Capes,2024-05-29,5,AA,7019,39.99,218599.0,18.1841439121085,0,,False,False,5.339648170900622,3.8462752424122133,1.6019514041335217,1.2596928598037644,31.143895141758087,2081080,Daedalic Entertainment,Spitfire Interactive
Path of Achra,2024-05-07,5,Indie,26939,9.99,218518.0,28.54435664963007,99,99.0,True,False,5.339487216952655,4.430381470282939,0.9995654882259823,1.4555202590552871,8.11158543375775,2128270,Slouching Beast LLC,Ulfsire
Sisters: Last Day of Summer,2024-06-03,6,Indie,10528,24.99,218069.0,2.863190329208691,84,84.0,True,False,5.338593932035226,4.02234587626988,1.39776625612645,0.45685021849930113,20.713240881458965,2781750,JAST,Jellyfish
Three Kingdoms: Innovatory,2024-01-31,1,Indie,26571,13.99,218047.0,20.12410684801021,76,76.0,True,False,5.338550115809222,4.424407899397461,1.1458177144918276,1.3037166145262036,8.206202250573934,2340500,Moment HK,瞬息万变工作室
ExoCross,2024-07-22,7,Indie,8226,39.99,217345.0,5.42370667094399,70,70.0,True,False,5.337149653740628,3.9151887051731564,1.6019514041335217,0.7342961936475064,26.421711646000485,773840,"iRacing.com Motorsport Simulations,iRacing","iRacing.com Motorsport Simulations,iRacing"
Angel at Dusk,2024-01-12,1,Indie,20643,14.99,217085.0,10.783586495954678,99,99.0,True,False,5.33662981588976,4.314772812566055,1.1758016328482794,1.032763226189743,10.516155597539118,1405500,"Henteko Doujin,Sanuk Inc.",Akiragoya
Sex Formula,2024-09-05,9,Indie,6030,39.99,217025.0,1.3852123208746496,77,77.0,True,False,5.336509764893099,3.780317312140151,1.6019514041335217,0.14151634575937208,35.99087893864013,2889660,MIGI STUDIO,MIGI STUDIO
CaseCracker2,2024-05-16,5,Indie,21864,11.99,216851.0,5.844877721759396,95,95.0,True,False,5.3361614292216055,4.339729618684604,1.0788191830988487,0.7667754298998026,9.918175997072812,2294450,NPC Entertainment,BlackRobe
Coreborn,2024-06-19,6,Indie,14796,13.99,216265.0,30.494220097898072,67,67.0,True,False,5.334986239564854,4.170144322643356,1.1458177144918276,1.4842175305774534,14.616450391997835,1926090,Blankhans,Blankhans
HEART of CROWN Online,2024-04-23,4,Indie,13112,19.99,215401.0,10.997180274952369,81,81.0,True,False,5.333247715180504,4.117668940562442,1.300812794118117,1.041281344429998,16.427776082977424,1883000,Japanime Digital,"illuCalab,FLIPFLOPs"
Stargate: Timekeepers,2024-01-23,1,AA,7991,29.99,214688.0,5.441417976196167,58,58.0,True,False,5.331807770195775,3.902601130666531,1.476976465759527,0.7357120870129763,26.866224502565387,1523650,Slitherine Ltd.,Slitherine Ltd.
Vae Victis - Khan,2024-03-01,3,Indie,16129,14.99,214566.0,10.44505482765064,83,83.0,True,False,5.331560905037995,4.207607441911914,1.1758016328482794,1.0189107239988198,13.303118606237213,2540230,Doorknob22,Doorknob22
Sucker for Love: Date to Die For,2024-04-23,4,Indie,19772,12.99,213201.0,3.8826264044692698,0,,False,False,5.328789237378285,4.296050601788739,1.113609151073028,0.5891256037102833,10.782975925551284,2240790,DreadXP,Akabaka
Tchia,2024-03-21,3,Indie,11684,29.99,212197.0,7.90778295224673,0,,False,False,5.326739239637633,4.067591548301512,1.476976465759527,0.8980547405689016,18.16133173570695,1496590,Kepler Interactive,Awaceb
Love n Life: Lucky Teacher,2024-01-31,1,Indie,38777,8.99,210967.0,4.0441084681223565,0,,False,False,5.324214527151975,4.588574206654923,0.9537596917332288,0.6068227954044382,5.440518864275215,2445340,Reborn Entertainment,Reborn Entertainment
Tour de France 2024,2024-06-06,6,AA,5833,39.99,208625.0,20.921704466723124,72,72.0,True,False,5.319366349687303,3.7658919764300154,1.6019514041335217,1.3205970630986,35.76632950454312,2494340,Nacon,Cyanide Studio
Nancy Drew®: Mystery of the Seven Keys™,2024-06-20,6,Indie,7242,32.0,208569.0,7.070747407547764,60,60.0,True,False,5.319249758887183,3.859858520480993,1.505149978319906,0.8494653229648768,28.79991714995857,1926590,HeR Interactive,HeR Interactive
Project MIKHAIL: A Muv-Luv War Story,2024-04-26,4,Indie,15338,19.99,208558.0,21.58182968869664,55,55.0,True,False,5.319226853444467,4.185768733433613,1.300812794118117,1.3340882610150961,13.5974703351154,1557480,aNCHOR Inc.,"aNCHOR Inc.,fuzz, Inc."
The DeLuca Family - Season 1,2024-02-27,2,Indie,16425,15.99,207588.0,12.18923439084038,83,83.0,True,False,5.317202244723573,4.215505378231819,1.2038484637462348,1.0859764283193416,12.638538812785388,2814610,MemoGaming,MemoGaming
Mini Airways,2024-07-30,7,Indie,24705,9.99,207390.0,6.443859027040861,0,,False,False,5.3167878116020955,4.392784858225435,0.9995654882259823,0.8091460307465681,8.394656952034001,2289650,Erabit,CCC Games
JudgeSim,2024-07-16,7,Indie,33281,6.99,206875.0,3.020822486072547,0,,False,False,5.315708011119794,4.5221963671366305,0.8444771757456814,0.48012520538442116,6.216009134340915,2919660,DelusionArt Studio,DelusionArt Studio
江湖客栈-The Jianghu,2024-08-31,8,Indie,51896,0.0,205131.0,260.3405090672399,61,61.0,True,True,5.312031297187449,4.71513388492217,,2.4155417497287925,3.952732387852629,1881610,Path,『風林火山』工作室
The Bathhouse | 地獄銭湯 Restored Edition,2024-08-09,8,Indie,28170,7.99,202570.0,2.4106187515297246,92,92.0,True,False,5.3065751280964495,4.4497868469857735,0.9025467793139914,0.38212853049389084,7.190983315583955,2989950,Chilla's Art,Chilla's Art
Shipwrecked 64,2024-01-01,1,Indie,26225,7.99,202048.0,7.407742826442237,96,96.0,True,False,5.305454555876104,4.4187154968655955,0.9025467793139914,0.8696858965956177,7.704404194470925,2160220,Cogware Games,"Squeaks D'Corgeh,Cogware Games"
Shadow of the Depth,2024-04-22,4,Indie,16453,14.99,201940.0,8.217366605525815,72,72.0,True,False,5.305222351923695,4.216245097705822,1.1758016328482794,0.9147326628048614,12.273749468182094,2100150,ChillyRoom,ChillyRoom
Subterrain: Mines of Titan,2024-03-12,3,Indie,12552,19.99,200632.0,15.648462349326858,0,,False,False,5.302400202438489,4.0987129305788805,1.300812794118117,1.1944716692939212,15.984066284257487,1573100,indie.io,Pixellore Inc
Chill Pulse,2024-05-02,5,Indie,51928,4.99,199035.0,31.10197244558289,95,95.0,True,False,5.298929453144948,4.715401596123067,0.69810054562339,1.4927879322766449,3.832903250654753,2826180,Catos Game,Catos Game
CONVRGENCE,2024-04-22,4,Indie,12366,19.99,198731.0,5.466555952304595,81,81.0,True,False,5.2982656178839935,4.0922292421628566,1.300812794118117,0.7377137976347266,16.070758531457223,2609610,Monkey-With-a-Bomb,Monkey-With-a-Bomb
A Day Out,2024-06-27,6,Indie,20883,9.99,198689.0,5.069955151525373,80,80.0,True,False,5.29817382397172,4.319792888480451,0.9995654882259823,0.7050041176112057,9.514389694967198,1547670,KevTheDev,"KevTheDev,gamesbychris"
Arzette: The Jewel of Faramore,2024-02-13,2,Indie,12464,19.99,198058.0,4.056923806623435,97,97.0,True,False,5.296792389207799,4.095657440328489,1.300812794118117,0.6081968512651509,15.890404364569962,1924780,Limited Run Games,Seedy Eye Software
Colony City 27λ,2024-03-26,3,Indie,21646,10.99,197843.0,4.235837414783542,90,90.0,True,False,5.296320688844383,4.33537765411083,1.0409976924234905,0.6269392821206581,9.139933475006927,2442410,Playmeow,Bunny Eats Tiger
Smash Girls,2024-06-25,6,Indie,21519,10.99,197661.0,1.62018681861316,84,84.0,True,False,5.2959209882027425,4.3328220855551,1.0409976924234905,0.20956509455186748,9.185417537989684,2822030,"Mango Party,Mango Party News",18bitStudio
彷徨之街 The Street of Adrift,2024-05-20,5,Indie,34730,11.99,195942.0,9.590101408610204,76,76.0,True,False,5.292127536623611,4.540704783310762,1.0788191830988487,0.9818231995551241,5.641865822055859,1672670,LoveStoryProject,Caramel-Mocha Studio
Corsairs Legacy - Pirate Action RPG & Sea Battles,2024-01-30,1,Indie,13511,17.99,195795.0,2.5949174590740385,70,70.0,True,False,5.29180159706806,4.130687493982032,1.2550311633455513,0.41412354806548074,14.491525423728811,1594880,Mauris Games OU,Mauris
4D Golf,2024-03-22,3,Indie,10052,19.99,195440.0,6.548743445908296,99,99.0,True,False,5.29101345396538,4.002252479920538,1.300812794118117,0.8161579768070566,19.44289693593315,2147950,CodeParade,CodeParade
Diluvian Winds,2024-04-25,4,Indie,13936,17.99,194382.0,5.081085619181385,77,77.0,True,False,5.288656046276425,4.144138137663588,1.2550311633455513,0.7059565130808789,13.948191733639495,1561040,"Goblinz Publishing,IndieArk",Alambik Studio
Rocksmith+,2024-06-06,6,AAA,35660,0.0,193594.0,3.87375145779168,11,11.0,True,True,5.286891893224075,4.552181338839336,,0.5881317526834835,5.428883903533371,2834910,Ubisoft,"Ubisoft San Francisco,Ubisoft Osaka,Ubisoft Bucharest,Ubisoft Pune"
How to lose one's virginity,2024-04-25,4,Indie,19576,11.99,193532.0,4.968943677656601,86,86.0,True,False,5.2867527847265405,4.291723956343732,1.0788191830988487,0.6962640741008209,9.886187167960768,2578880,VisualPointG,VisualPointG
Cozy Caravan,2024-05-16,5,Indie,11142,19.99,191108.0,6.822617789074972,0,,False,False,5.281278867500507,4.046963154123424,1.300812794118117,0.8339510422831143,17.15203733620535,2788520,5 Lives Studios,5 Lives Studios
Apprehending the Adventurer Chan! ~Live2D Tentacles Simulator~,2024-06-27,6,Indie,27719,7.99,189258.0,2.660770403074175,97,97.0,True,False,5.277054246335508,4.442777558468063,0.9025467793139914,0.42500740105273804,6.827735488293229,3012420,Alice Publication,No.7 Void Mine
道衍诀,2024-05-08,5,Indie,19716,11.99,188260.0,8.306483637567908,66,66.0,True,False,5.2747580543520085,4.2948188094826865,1.0788191830988487,0.9194172139171457,9.5485899776831,1951220,宁德动游网络科技有限公司,宁德动游网络科技有限公司
Beat Hazard 3,2024-06-22,6,Indie,13179,18.99,187908.0,13.222661214210484,89,89.0,True,False,5.273945270158511,4.119882457984983,1.2785249647370176,1.1213188707574013,14.25813794673344,1493520,Cold Beam Games,Cold Beam Games
Final Factory,2024-04-09,4,Indie,10896,18.99,186670.0,20.93961115219039,83,83.0,True,False,5.271074527475901,4.03726709456871,1.2785249647370176,1.320968612585135,17.13197503671072,1383150,Never Games Limited,Never Games Limited
Figure Adventure,2024-06-24,6,Indie,31641,0.0,184743.0,12.205608791220538,0,,False,True,5.266567991754456,4.500250200730158,,1.086559446028821,5.838721911444012,2996570,Figure Fantasy,Figure Fantasy
Yellow Taxi Goes Vroom,2024-04-09,4,Indie,13798,16.99,184444.0,6.573973275788298,99,99.0,True,False,5.265864532106742,4.139816140610576,1.2301933788690456,0.8178279342753796,13.3674445571822,2011780,"Xelu,Those Awesome Guys",Panik Arcade
Galaxy Burger,2024-08-23,8,Indie,21079,11.99,183781.0,5.290148096748573,95,95.0,True,False,5.264300610305356,4.323850003846802,1.0788191830988487,0.7234678302016139,8.718677356610845,2749770,Galactic Workshop,Galactic Workshop
BROKE PROTOCOL: Online City RPG,2024-06-26,6,Indie,98931,9.99,183531.0,9.725358535580774,75,75.0,True,False,5.263709430941539,4.9953323989721525,0.9995654882259823,0.9879056210161571,1.855141462231252,696370,Cylinder Studios,Cylinder Studios
WitchHand,2024-02-07,2,Indie,18046,11.99,182797.0,11.343093374261317,0,,False,False,5.26196906396818,4.256380953031641,1.0788191830988487,1.0547315071293226,10.129502382799512,2420880,HopFrog,Jon Nielsen
Arctic Eggs,2024-05-16,5,Indie,24972,9.99,182249.0,1.8052762578319173,97,97.0,True,False,5.260665154023354,4.397453326259252,0.9995654882259823,0.25654367054725896,7.298133909979176,2763670,CRITICAL REFLEX,"The Water Museum,cockydoody,abmarnie,Cameron Ginex"
No Creeps Were Harmed TD,2024-07-27,7,Indie,14452,19.99,181284.0,16.714114619980005,91,91.0,True,False,5.258359475257419,4.159927952895985,1.300812794118117,1.2230833760921427,12.543869360642123,1932260,MinMax Games Ltd.,MinMax Games Ltd.
Zoria: Age of Shattering,2024-03-07,3,Indie,9307,24.99,180957.0,17.806999014427912,80,80.0,True,False,5.257575387679492,3.9688097139128584,1.39776625612645,1.250590734663099,19.44310733856237,1159090,"Anshar Publishing,Surefire.Games",Tiny Trinket Games
FRONT MISSION 2: Remake,2024-04-30,4,Indie,6960,34.99,180254.0,21.095318096281108,63,63.0,True,False,5.25588491088746,3.842609239610562,1.5439439424829065,1.3241860784933457,25.898563218390805,2865440,Forever Entertainment S. A.,Storm Trident S.A.
Having a HARD Time,2024-02-12,2,Indie,16580,12.99,180236.0,5.873573137485592,96,96.0,True,False,5.255841540471188,4.219584526214255,1.113609151073028,0.7689023809387772,10.870687575392038,2420460,Quadruple-Q,Quadruple-Q
"Island, Sex & Survival",2024-06-25,6,Indie,16201,12.99,179792.0,2.754190616196808,77,77.0,True,False,5.254770363519839,4.2095418220166,1.113609151073028,0.4399939942715454,11.097586568730325,2911250,Alice Publication,無人島觀光促進會
Sheryl ~The Alchemist of the Island Ruins~,2024-04-19,4,Indie,13210,17.99,179743.0,5.946683096741738,85,85.0,True,False,5.254651986005856,4.120902817614527,1.2550311633455513,0.7742747952331801,13.60658591975776,2787300,Kagura Games,Pakkuri Paradise
"OPPAI Succubus Academy Sucky and Busty, Demonic and Lusty!",2024-07-31,7,Indie,4993,39.99,179703.0,4.523793592123041,92,92.0,True,False,5.254555327373695,3.6983615660551097,1.6019514041335217,0.6555027810794556,35.99098738233527,2854170,Frontwing USA,Milkfactory
Computer Repair Shop,2024-01-12,1,Indie,22799,9.99,179631.0,4.467348573895426,0,,False,False,5.254381287605036,4.35791579857913,0.9995654882259823,0.6500498404980654,7.878898197289355,2479290,Cheesecake Dev,Cheesecake Dev
KeepUp Survival,2024-03-05,3,Indie,23894,8.99,179352.0,8.238716732494117,68,68.0,True,False,5.253706223967775,4.378288859356929,0.9537596917332288,0.9158595709934391,7.506152172093413,1524630,Witte Studio,Witte Studio
Folie Fatale,2024-05-30,5,Indie,38408,5.99,178996.0,3.636514388975916,90,90.0,True,False,5.2528433259668335,4.58442169296111,0.7774268223893114,0.5606853103291435,4.660383253488856,2734450,346lab Localization,Kanmidoko (神海処)
Baten Kaitos I & II HD Remaster,2024-06-17,6,AAA,4662,49.99,178950.0,13.164837272057364,84,84.0,True,False,5.252731702726023,3.668572269184558,1.6988831367525903,1.119415495247304,38.38481338481338,2146170,Bandai Namco Entertainment,"logicalbeat Co., Ltd."
Farlands,2024-07-24,7,Indie,14440,14.99,177736.0,4.881503287831916,95,95.0,True,False,5.249775402019517,4.15956719323362,1.1758016328482794,0.6885535861568627,12.308587257617727,2252680,JanduSoft,"JanduSoft,Eric Rodríguez"
B.E.S.T,2024-01-18,1,Indie,18098,11.99,176781.0,3.8147019706556926,75,75.0,True,False,5.247435586250747,4.257630583877158,1.0788191830988487,0.5814606137048964,9.76798541275279,2404390,Dolydev,Dolyla
Kukoro: Stream chat games,2024-02-02,2,Indie,61373,5.99,175228.0,17.006639023780735,98,98.0,True,False,5.243603504080279,4.787977352738092,0.7774268223893114,1.2306184936449018,2.855131735453701,1166990,HeyNau,HeyNau
Backrooms Rec.,2024-03-06,3,Indie,20159,9.99,175194.0,1.9294587589570893,72,72.0,True,False,5.243519228478684,4.30446898485417,0.9995654882259823,0.28543550021823244,8.69060965325661,2275020,Liminal Logic,Liminal Logic
Old Market Simulator,2024-05-21,5,Indie,25461,9.99,174298.0,8.685694388370663,93,93.0,True,False,5.2412924037827,4.405875456896315,0.9995654882259823,0.9388045443700724,6.845685558304859,2878420,"Alcedo Games,Gamersky Games",Alcedo Games
Fleshlight Squad - Fleshlightize -,2024-01-12,1,Indie,14773,14.99,174069.0,2.14888170402484,83,83.0,True,False,5.240721434370093,4.16946869782694,1.1758016328482794,0.33221250823070686,11.782914776957965,2588590,072 Project,ちゃおいずむ
Fork Road,2024-06-11,6,Indie,48467,3.99,173665.0,0.7547324928427664,0,,False,False,5.239712300666562,4.685446138687734,0.6009728956867483,-0.12220695230282984,3.583159675655601,2976400,Simon Au Yeung,Simon Au Yeung
Tiny Terry's Turbo Trip,2024-05-30,5,Indie,12896,17.99,173502.0,3.941035344922252,97,97.0,True,False,5.239304485374487,4.110455024461015,1.2550311633455513,0.5956103298252234,13.453939205955336,2238040,Super Rare Originals,snekflat
Phantom Fury,2024-04-23,4,Indie,8386,24.99,173471.0,6.759825136466032,61,61.0,True,False,5.23922688205103,3.9235548580675492,1.39776625612645,0.8299354617330383,20.68578583353208,1733240,3D Realms,Slipgate Ironworks™
Broken Roads,2024-04-10,4,Indie,6136,34.99,173273.0,6.840685757062152,51,51.0,True,False,5.238730894713034,3.7878853509409245,1.5439439424829065,0.8350996405475635,28.23875488917862,1403440,"Versus Evil,tinyBuild",Drop Bear Bytes
RUNGORE,2024-05-16,5,Indie,16112,14.99,172919.0,9.171866180343908,88,88.0,True,False,5.237842715320221,4.207149453209543,1.1758016328482794,0.9624577096468481,10.732311320754716,2113040,"GrabTheGames,Gamera Games,UpgradePoint","YOUR_MOM'S_HP,RavenJm"
REVEIL,2024-03-06,3,AA,10936,19.99,172222.0,5.162763610356412,92,92.0,True,False,5.236088628350628,4.038858501559766,1.300812794118117,0.7128822402771114,15.748171177761522,809060,Daedalic Entertainment,Pixelsplit
KitHack Model Club,2024-08-01,8,Indie,11862,19.99,171463.0,16.004801494161363,89,89.0,True,False,5.234170418084567,4.074157919697316,1.300812794118117,1.2042502920056137,14.454813690777272,2107090,"Floating Origin Interactive,Curve Games",Floating Origin Interactive
A Tower Full of Cats,2024-05-20,5,Indie,41463,4.99,171352.0,2.658659161885786,99,99.0,True,False,5.233889177828592,4.617660721692005,0.69810054562339,0.4246626646726313,4.132648385307382,2179170,Devcats,Devcats
Drug Lord Tycoon,2024-07-31,7,Indie,16898,11.99,171160.0,7.688269897496598,88,88.0,True,False,5.233402277811895,4.227835305775587,1.0788191830988487,0.8858286208800527,10.12900935021896,2450700,Duhndal,Duhndal
Into the Necrovale,2024-01-26,1,Indie,15345,14.99,170271.0,10.197507446551173,93,93.0,True,False,5.231140686644664,4.1859668927678415,1.1758016328482794,1.0084940311251853,11.096187683284455,1717090,Tribal-Storm,Casey Clyde
Tomba! Special Edition,2024-07-31,7,Indie,9464,19.99,170266.0,5.361269289978908,86,86.0,True,False,5.231127933420141,3.976074731619874,1.300812794118117,0.7292676218521796,17.990912933220624,2851150,Limited Run Games,Limited Run Games
FAIRY TAIL: DUNGEONS,2024-08-26,8,Indie,16430,13.99,169800.0,7.7027946379318815,93,93.0,True,False,5.229937685907934,4.215637563435061,1.1458177144918276,0.8866483194110056,10.334753499695678,2305500,Kodansha,ginolabo
Field of Glory: Kingdoms,2024-06-04,6,AA,4836,39.99,169077.0,29.630237681613337,82,82.0,True,False,5.228084533366797,3.6844862921887342,1.6019514041335217,1.4717351352262242,34.962158808933005,1985050,Slitherine Ltd.,AGEOD
Arco,2024-08-15,8,Indie,10274,19.99,168841.0,5.098042446489322,99,99.0,True,False,5.227477915699829,4.011739561388318,1.300812794118117,0.7074034471001664,16.43381350983064,2366970,Panic,"Franek,Max Cahill,Bibiki,Fáyer"
Last Hope,2024-04-18,4,Indie,10810,19.99,167966.0,7.281782067780635,94,94.0,True,False,5.225221379899874,4.03382569395331,1.300812794118117,0.8622376770455219,15.538020351526365,2650630,"Poolside games,DreamBig Games",Poolside games
Smack Studio,2024-07-31,7,Indie,13959,14.99,166819.0,61.89405689882235,90,90.0,True,False,5.222245513479339,4.14485430725293,1.1758016328482794,1.7916489498285173,11.950641163407122,1739300,ThirdPixel Interactive,ThirdPixel Interactive
The Grey Dream,2024-01-09,1,Indie,15783,12.99,165452.0,4.845216579075951,82,82.0,True,False,5.218672021321885,4.198189556516821,1.113609151073028,0.6853131945953186,10.482924665779636,2497930,The Greys,The Greys
Quilts and Cats of Calico,2024-03-05,3,Indie,10536,19.99,165375.0,12.60609181612462,96,96.0,True,False,5.218469857195557,4.022675761953727,1.300812794118117,1.1005804659730847,15.69618451025057,1993180,"Monster Couch,Flatout Games",Monster Couch
Hypnotic Idol,2024-06-18,6,Indie,10261,19.99,163926.0,3.916737738327048,79,79.0,True,False,5.214647841679149,4.011189687609991,1.300812794118117,0.5929244925050833,15.975635902933435,2797310,azucat,azucat
Night Raider,2024-01-26,1,Indie,44974,5.99,163793.0,28.066198713115263,86,86.0,True,False,5.214295337434572,4.652961515557108,0.7774268223893114,1.4481835957583933,3.6419486814604,2719290,Tsukuyomi,Tsukuyomi
This is a Ghost,2024-04-17,4,Indie,12790,14.99,163789.0,24.23037807231731,90,90.0,True,False,5.214284731369967,4.106870544478654,1.1758016328482794,1.3843601905898453,12.806020328381548,1985420,Nuci,Nuci
Crypt Custodian,2024-08-27,8,Indie,10680,19.99,163307.0,6.014406764508275,98,98.0,True,False,5.213004800757597,4.0285712526925375,1.300812794118117,0.7791927968285967,15.290917602996254,2394650,"Kyle Thompson,Top Hat Studios, Inc.,H2 Interactive Co., Ltd.",Kyle Thompson
Himegashima Island,2024-08-02,8,Indie,14305,14.99,163296.0,6.4025414038367305,75,75.0,True,False,5.212975546652137,4.155487862141282,1.1758016328482794,0.8063523956370984,11.41530933240126,2991400,Kagura Games,Fushidaratei
Starstruck Vagabond,2024-05-24,5,Indie,8747,24.99,162429.0,16.54874636758956,0,,False,False,5.2106635705676965,3.9418591265253737,1.39776625612645,1.2187650998483166,18.5696810334972,2448930,"Ben 'Yahtzee' Croshaw,Second Wind",Ben 'Yahtzee' Croshaw
Clank!,2024-07-24,7,Indie,7748,22.99,160313.0,11.996352257405444,95,95.0,True,False,5.204968741314498,3.889189612047073,1.361538971269279,1.0790492097718252,20.690887971089317,1722870,Dire Wolf,Dire Wolf
Heading Out,2024-05-07,5,Indie,9835,19.99,159911.0,4.301057192445973,81,81.0,True,False,5.20387833913703,3.9927743642553555,1.300812794118117,0.633575217536317,16.259379766141333,1640630,Saber Interactive,Serious Sim
The Game of Sisyphus,2024-04-11,4,Indie,28586,6.99,158283.0,5.66407476855285,81,81.0,True,False,5.199434273026253,4.456153389374694,0.8444771757456814,0.7531289776187892,5.537081088644791,2904890,cream,cream
"Warhammer 40,000: Speed Freeks",2024-08-06,8,Indie,102865,0.0,158090.0,5.651413836213646,0,,False,True,5.198904399456732,5.012267630422889,,0.7521571105545624,1.5368687114178778,2078450,PLAION,Caged Element Inc.
除邪(CHUXIE),2024-07-28,7,Indie,25734,6.99,157941.0,1.6539491559621793,83,83.0,True,False,5.198494883411798,4.410507296622717,0.8444771757456814,0.218522154778523,6.137444625786896,2969160,LCGaming,LCGaming
Moose Miners,2024-05-10,5,Indie,20363,9.99,157701.0,30.35383039123571,69,69.0,True,False,5.197834447248401,4.308841761261316,0.9995654882259823,1.4822135030821824,7.744487550950253,2591410,Lingon Studios,Lingon Studios
The Inquisitor,2024-02-08,2,AA,4482,39.99,157178.0,5.87829712643099,70,70.0,True,False,5.196391758324034,3.6514718521990424,1.6019514041335217,0.7692515342898588,35.06871932173137,1880470,Kalypso Media,The Dust S.A.
SNK VS. CAPCOM SVC CHAOS,2024-07-20,7,Indie,8714,19.99,156773.0,4.365388443927607,0,,False,False,5.195271269058268,3.940217555599735,1.300812794118117,0.6400228944444338,17.990934128987835,2442380,SNK CORPORATION,Code Mystics
Vivat Slovakia,2024-04-18,4,Indie,6256,29.99,155061.0,4.087998735806734,73,73.0,True,False,5.190502580440154,3.7962967400517917,1.476976465759527,0.6115107528232697,24.78596547314578,2132690,Team Vivat,Team Vivat
Spy Alliance,2024-08-08,8,Indie,93601,1.99,153860.0,0.9404285900243136,70,70.0,True,False,5.187125728101728,4.97128048861163,0.29885307640970665,-0.026674176334574074,1.6437858569887074,2757350,ALT Lab,ALT Lab
Arena Renovation,2024-01-19,1,AA,13814,19.99,153619.0,6.01014217466712,82,82.0,True,False,5.186444933695791,4.140319451670128,1.300812794118117,0.7788847457037494,11.120529897205731,948880,"PlayWay S.A.,FreeMind S.A.",Nesalis Games
Summer's Gone - Season 1,2024-05-10,5,Indie,11819,14.99,153346.0,12.394389248708071,96,96.0,True,False,5.185672451980817,4.07258073264895,1.1758016328482794,1.093225131148134,12.974532532363144,2240150,OceanAVN,OceanAVN
Turlock Holmes,2024-02-21,2,Indie,27531,9.99,152748.0,6.043817491612786,75,75.0,True,False,5.183975532533903,4.439821986424003,0.9995654882259823,0.781311341242398,5.548218372016999,2142160,Neverland Entertainment,Find the Lamp Games
Galaxy Idle Clicker,2024-07-18,7,Indie,14401,0.0,151939.1911440809,99.91404042132116,76,76.0,True,True,5.181669810085922,4.15839265038712,,1.9996265217499585,10.550600037780772,2962810,Soehnle,Soehnle
Creator of Another World,2024-04-30,4,Indie,10817,18.99,151439.0,28.08123885865699,89,89.0,True,False,5.180237733180279,4.0341068297076434,1.2785249647370176,1.4484162636290747,14.00009244707405,2761610,kuetaro (くえたろう),kuetaro (くえたろう)
Miss Neko: Pirates,2024-03-22,3,Indie,47322,3.99,151366.0,3.115070265712853,82,82.0,True,False,5.180028334406857,4.675063091209669,0.6009728956867483,0.4934678473570459,3.198639110773002,2695270,Toffee Cafe,Orangeee
Winter Survival,2024-03-06,3,Indie,8694,18.99,151064.0,8.359128282051328,0,,False,False,5.1791609801289775,3.939219635854818,1.2785249647370176,0.9221609901143616,17.375661375661377,1394960,"DRAGO entertainment,HeartBeat Games",DRAGO entertainment
Maid of the Dead,2024-02-29,2,Indie,9076,19.99,149494.0,7.925857937636709,84,84.0,True,False,5.174623762431803,3.9578944872128985,1.300812794118117,0.8990462838127828,16.47135301895108,1868020,qureate,"qureate,IXILL LLC."
Project Demigod,2024-02-01,2,Indie,9426,19.99,148767.0,7.734520511375408,82,82.0,True,False,5.172506605219669,3.974327435423617,1.300812794118117,0.8884333955120012,15.782622533418206,1646580,Fast Travel Games,Omnifarious Studios LLC
勾八狂想曲,2024-07-16,7,Indie,36043,4.99,147185.0,3.1321856073593546,93,93.0,True,False,5.167863552194634,4.556820931841491,0.69810054562339,0.495847489613101,4.08359459534445,2996200,勾八游戏,勾八游戏
Aeruta,2024-05-15,5,Indie,11532,14.99,146384.0,3.823862384264399,86,86.0,True,False,5.165493610250726,4.06190463371617,1.1758016328482794,0.5825022542029048,12.693721817551165,2286780,"GRAVITY GAME ARISE Co., Ltd.",FromDawn Games
MWNeus,2024-08-12,8,Indie,17079,10.99,146188.0,1.5783624783835415,85,85.0,True,False,5.164911724552935,4.23246243853121,1.0409976924234905,0.1982067481028081,8.559517536155512,2701210,CLLGames,CLLGames
"Sex, Please",2024-05-24,5,Indie,38909,5.99,145765.0,1.5732950377279882,74,74.0,True,False,5.163653256961294,4.590050069147028,0.7774268223893114,0.19681017287258493,3.746305482022154,2608620,Evil Boobs Cult,Evil Boobs Cult
Shop Legends,2024-02-03,2,Indie,4881,0.0,145540.0,96.4889328536079,51,51.0,True,True,5.162982370585433,3.6885088076565213,,1.9844775032272983,29.81766031550912,982300,Cloudcade,Cloudcade
Laughing to Die,2024-04-10,4,AA,48759,4.99,145336.0,1.664247236383009,0,,False,False,5.162373203181907,4.688054790077285,0.69810054562339,0.2212178444432332,2.980700998789967,2182400,Gamera Games,大吉利制作组
CD 2: Trap Master,2024-03-28,3,Indie,12111,14.99,144122.0,14.886709065862858,84,84.0,True,False,5.158730280254146,4.083180004129977,1.1758016328482794,1.1727987009421375,11.900090826521344,2330870,"ACE ENTERTAINMENT,Erabit",ACE ENTERTAINMENT
Center Station Simulator,2024-04-05,4,Indie,9795,18.35,144011.0,37.60065180814037,90,90.0,True,False,5.158395666101126,3.991004440330755,1.2636360685881083,1.575195373497476,14.702501276161309,2823890,Nightmare Phoenix,Nightmare Phoenix
With Eyes Closed - Season 1,2024-08-16,8,Indie,13201,12.99,143830.0,2.62212839425719,80,80.0,True,False,5.157849480452902,4.120606831056773,1.113609151073028,0.4186539533922799,10.895386713127792,2492780,Ker,Ker
Once a Porn a Time 2,2024-06-15,6,Indie,11016,14.99,143625.0,5.743886096291238,79,79.0,True,False,5.157230041696342,4.042023927248867,1.1758016328482794,0.7592058190750058,13.037854030501087,2735510,OPT Studio,OPT Studio
Hellbreach: Vegas,2024-08-14,8,Indie,16668,14.99,143445.0,3.6441777939194218,78,78.0,True,False,5.156685414831902,4.22188349178524,1.1758016328482794,0.561599557388362,8.606011519078473,1691320,Iceberg Interactive,Infinity Ape Studios
I Am Part-time Worker!!,2024-06-26,6,Indie,27661,5.99,143115.0,1.1508789912695352,77,77.0,True,False,5.155685154904612,4.441867876663801,0.7774268223893114,0.061029662303413904,5.17389103792343,2985930,KomeFukuro,KomeFukuro
BORE BLASTERS,2024-03-08,3,Indie,19335,9.99,142092.0,7.815683895628099,84,84.0,True,False,5.152569627162802,4.286344176409084,0.9995654882259823,0.8929669860791187,7.348952676493406,2398170,8BitSkull,8BitSkull
Pool Cleaning Simulator,2024-06-05,6,Indie,14585,15.99,141787.0,5.968698775476018,70,70.0,True,False,5.151636413589777,4.163906433457751,1.2038484637462348,0.7758796617448159,9.72142612272883,2165620,"FreeMind S.A.,PlayWay S.A.","Rubens Games,FreeMind S.A."
From Glory To Goo,2024-04-02,4,Indie,15469,11.99,140951.0,16.68310705082089,92,92.0,True,False,5.149068161392022,4.189462239457662,1.0788191830988487,1.222276936551441,9.111836576378565,2607060,Stratagem Blue,Stratagem Blue
Solo leeching~35-Year-Old Magician Journey,2024-06-21,6,Indie,15751,10.99,140940.0,1.780681503149469,88,88.0,True,False,5.14903426716125,4.197308131503102,1.0409976924234905,0.25058624748446856,8.94800330137769,2696070,072 Project,アンクルおじ
Spectral Scream,2024-08-28,8,Indie,17856,9.99,140690.0,4.114998906714487,84,84.0,True,False,5.148263229636879,4.251784177257485,0.9995654882259823,0.6143697241636159,7.879144265232975,2620240,STOIC Ent.,STOIC Ent.
1 to 1 humanoid edible toys,2024-08-07,8,Indie,21002,7.99,140013.0,2.4110427035103563,95,95.0,True,False,5.146168361150761,4.322260654143684,0.9025467793139914,0.38220490251128425,6.666650795162366,2976720,无,"汉谟拉比炒面,我的屁是香哒"
ASTRAL TALE-星界神話,2024-01-07,1,Indie,43217,0.0,138164.27473883974,104.18254808777462,39,39.0,True,True,5.140395761637933,4.635654616118119,,2.017794975163553,3.1969890260508538,2591210,"X-Legend Entertainment Co., Ltd.","X-Legend Entertainment Co., Ltd."
Ark of Charon,2024-07-08,7,Indie,7322,21.99,138039.0,15.685483626994415,83,83.0,True,False,5.140001804458517,3.8646297245455123,1.3422252293607904,1.1954979137444388,18.852635891832836,2827810,SUNSOFT,"Angoo Inc.,SUNSOFT"
And the Hero Was Never Seen Again,2024-02-10,2,Indie,11972,14.99,137489.0,7.030944723548148,90,90.0,True,False,5.1382679532179125,4.078166708168154,1.1758016328482794,0.8470136835771711,11.484213164049448,2582660,Kagura Games,Circle Poison
United Penguin Kingdom,2024-03-09,3,Indie,12818,14.99,137453.0,9.254702087867598,79,79.0,True,False,5.138154223038908,4.107820267248048,1.1758016328482794,0.9663624432210037,10.72343579341551,2635350,"GrabTheGames,UpgradePoint",Turquoise Revival Games
First Dwarf,2024-06-19,6,Indie,7002,24.99,136381.0,4.20162183578225,71,71.0,True,False,5.134753870541007,3.8452221064290137,1.39776625612645,0.6234169614388734,19.477435018566123,1714900,"Star Drifters,4Divinity",Star Drifters
Multi Turret Academy,2024-01-18,1,Indie,17922,8.99,135974.0,10.859354431064316,97,97.0,True,False,5.133455873546566,4.2533864729877715,0.9537596917332288,1.035804008000531,7.586988059368374,1869270,Scarlet Academy,Scarlet Academy
A Twisted Path to Renown,2024-06-06,6,Indie,5416,29.99,135445.0,32.539100142740494,54,54.0,True,False,5.131762977530949,3.733678655677088,1.476976465759527,1.5124055385072317,25.00830871491876,2304660,Game-Labs,Game-Labs
Repair this!,2024-04-19,4,Indie,13207,11.99,134665.0,7.129466789211678,88,88.0,True,False,5.129254735425975,4.120804177840798,1.0788191830988487,0.8530570503059484,10.196486711592335,2517200,hgiSoft,hgiSoft
clickyland,2024-06-03,6,Indie,30891,4.99,134579.0,3.507301277365972,84,84.0,True,False,5.128977296918793,4.489831967461449,0.69810054562339,0.5449730734029421,4.356576349098443,2751050,Sokpop Collective,Sokpop Collective
BIOMORPH,2024-04-05,4,Indie,8327,19.99,134478.0,10.81047014652968,94,94.0,True,False,5.128651241512447,3.9204885646582976,1.300812794118117,1.0338445817982254,16.149633721628437,1430220,Lucid Dreams Studio,Lucid Dreams Studio
KONOSUBA - God's Blessing on this Wonderful World! Love For These Clothes Of Desire!,2024-02-07,2,Indie,3261,49.99,133582.0,11.676291704663813,90,90.0,True,False,5.125747941467849,3.513350798805957,1.6988831367525903,1.067304936276867,40.963508126341615,2349140,PQube,MAGES. Inc.
Tunnel Escape,2024-08-22,8,Indie,8953,19.99,133472.0,7.871207655983875,83,83.0,True,False,5.125390168165738,3.951968584492911,1.300812794118117,0.8960413699820888,14.90807550541718,2908950,Saikey Studios,Elzee
WARCANA,2024-08-29,8,AA,8667,16.99,132527.0,9.17396185427534,0,,False,False,5.122304367000782,3.9378687965638592,1.2301933788690456,0.9625569299847396,15.290988808122764,2022930,Team17,1000 Orks
Sunset Hills,2024-08-20,8,Indie,9067,17.99,132521.0,3.892424119059143,0,,False,False,5.122284704397089,3.957463615729931,1.2550311633455513,0.5902201549601036,14.61574942097717,1791590,"Cotton Game,Asmik Ace, Inc.",Cotton Game
Liu Shan Maker,2024-05-13,5,Indie,15876,9.99,132333.0,2.356807953029711,81,81.0,True,False,5.121668158101315,4.200741090235126,0.9995654882259823,0.3723241950243068,8.3354119425548,1997480,"Playmeow,ACG creator",Xian
Casino Simulator,2024-05-23,5,Indie,21835,6.99,132078.0,5.142398956146814,91,91.0,True,False,5.120830483971121,4.339153196257359,0.8444771757456814,0.7111657669260234,6.048912296771239,2898270,Lodos Games,Lodos Games
Mirror of Heaven,2024-06-01,6,Indie,18183,9.25,131680.0,16.510882014762892,81,81.0,True,False,5.119519817868195,4.2596655387296725,0.9661417327390326,1.2177702739843492,7.241929274597151,2180340,Leyo Games,EnjoyPlay Ltd
Gori: Cuddly Carnage,2024-08-29,8,Indie,8286,21.99,131175.0,4.812221953692276,98,98.0,True,False,5.117851072870376,3.918344928962275,1.3422252293607904,0.6823456500561675,15.83091962346126,1299690,"Wired Productions,CouchPlay Interactive (Greater China)",Angry Demon Studio
Churn Vector,2024-01-11,1,Indie,11565,14.99,130913.0,11.39826729620468,91,91.0,True,False,5.1169827752591805,4.063145637106638,1.1758016328482794,1.0568388372233164,11.319757890185906,2686900,Naelstrof,"Naelstrof,Eugene,Archival"
Pine Harbor,2024-04-25,4,Indie,10750,17.9,129987.0,1.798743259643329,66,66.0,True,False,5.11389992068703,4.031408464251625,1.252853030979893,0.25496917953385245,12.091813953488373,2448030,Vision Forge Team,Vision Forge Team
Chornobyl Liquidators,2024-06-06,6,Indie,8056,19.99,129800.0,3.827632608126103,43,43.0,True,False,5.11327469246435,3.906119457545562,1.300812794118117,0.5829302457399375,16.112214498510426,1113010,Frozen Way,Live Motion Games
Anomaly Exit,2024-03-31,3,Indie,23968,5.99,129211.0,1.370028927181579,92,92.0,True,False,5.111299487621504,4.379631796019372,0.7774268223893114,0.13672973707079172,5.390979639519359,2232600,ExamlGuy,ExamlGuy
Rift Wizard 2,2024-03-24,3,Indie,9029,17.99,129153.0,28.48270747058968,94,94.0,True,False,5.111104498533446,3.955639653023252,1.2550311633455513,1.454581269503076,14.304241887252187,2058570,Dylan White,Dylan White
Magic Research 2,2024-05-21,5,Indie,24898,5.99,128483.0,75.52942605437786,95,95.0,True,False,5.108845668565325,4.396164462603818,0.7774268223893114,1.8781161845202357,5.160374327255202,2864890,Maticolotto,Maticolotto
Potions: A Curious Tale,2024-03-07,3,Indie,7522,19.99,127676.0,4.2824884665923,91,91.0,True,False,5.106109268076676,3.87633332908638,1.300812794118117,0.6316962020165168,16.973677213507045,378690,Stumbling Cat,Stumbling Cat
Happy Sheepies,2024-07-08,7,Indie,12053,12.99,126481.0,4.561630918417058,82,82.0,True,False,5.102025290611416,4.08109515656134,1.113609151073028,0.6591201435931494,10.493735999336264,2860450,Berker Games,Berker Games
Kādomon: Hyper Auto Battlers,2024-03-25,3,Indie,15364,9.99,126462.0,9.378672564556648,69,69.0,True,False,5.10196004591066,4.186504298493139,0.9995654882259823,0.9721413737005689,8.231059619890653,2125540,Fireshine Games,Dino Rocket
Kitchen Crisis,2024-04-02,4,Indie,9362,14.99,126302.0,13.785406431198403,76,76.0,True,False,5.101410227689826,3.971368636791423,1.1758016328482794,1.1394195748106504,13.490920743430893,2118250,Team Samoyed,Team Samoyed
My Holiness the Gobliness,2024-05-16,5,Indie,18918,7.99,125882.0,1.8054321828185629,90,90.0,True,False,5.09996363432113,4.276875221131548,0.9025467793139914,0.25658117972998373,6.654086055608415,2176570,"Mango Party,Mango Party News",BFGS
Ratten Reich,2024-08-09,8,Indie,8439,19.99,124545.0,1.4585582074543249,0,,False,False,5.095326296978932,3.9262909868848634,1.300812794118117,0.16392376542333084,14.758265197298256,1717250,Crytivo,METALLADLERSTUDIO
Dungeon Keeper™ 2,2024-03-07,3,AAA,58372,4.99,124273.0,10.70984715281564,96,96.0,True,False,5.09437678250544,4.76620457379814,0.69810054562339,1.0297832727774745,2.128983074076612,2616460,Electronic Arts,Bullfrog Productions
Kitsune Tails,2024-08-01,8,Indie,7489,19.99,124094.0,3.06825394518638,99,99.0,True,False,5.093750783675318,3.874423830586502,1.300812794118117,0.486891301309881,16.57016958205368,1325260,"Kitsune Games,MidBoss, LLC.",Kitsune Games
Don't Shout Together,2024-06-14,6,Indie,31887,4.99,124033.0,0.9848114232700108,33,33.0,True,False,5.0935372481557675,4.503613661772502,0.69810054562339,-0.006646922470771306,3.889766989682316,2625510,SinisterGames,SinisterGames
Everafter Falls,2024-06-20,6,Indie,7341,19.99,123977.0,25.153398258825927,90,90.0,True,False,5.0933411230688765,3.8657552240714517,1.300812794118117,1.400596667139753,16.888298596921402,1416960,Akupara Games,SquareHusky
DEVIL BLADE REBOOT,2024-05-23,5,Indie,9966,15.99,123743.0,4.484006580046724,100,100.0,True,False,5.092520640758268,3.998520882835038,1.2038484637462348,0.6516662412279949,12.41651615492675,2882440,SHIGATAKE GAMES,SHIGATAKE GAMES
Just Xiangqi,2024-01-15,1,Indie,18233,9.99,122952.0,10.496655937885572,86,86.0,True,False,5.089735597587947,4.2608581319711405,0.9995654882259823,1.021050962018551,6.74337739263972,2248180,Studio Amateur,Studio Amateur
突然＊恋人,2024-04-19,4,Indie,7912,29.99,122358.0,12.145729938421471,0,,False,False,5.087632369619747,3.898286278589123,1.476976465759527,1.0844236203105644,15.464863498483316,2510810,HIKARI FIELD,SMEE
Fruit Mountain,2024-03-17,3,Indie,15541,8.99,122090.0,11.539945662135423,0,,False,False,5.086680093734625,4.191478960443599,0.9537596917332288,1.062203763872546,7.855993822791326,2753620,BeXide Inc.,BeXide Inc.
Blacksmith. Song of two Kings.,2024-02-13,2,Indie,6428,24.99,121847.0,12.88320570542318,81,81.0,True,False,5.085814840870068,3.808075868091307,1.39776625612645,1.110023941203116,18.955662725575607,2531370,Pavel Leksin,Pavel Leksin
云岚九歌,2024-02-01,2,Indie,8734,0.0,120624.0,53.76316775277071,83,83.0,True,True,5.0814337259681635,3.9412131875853214,,1.7304848496480378,13.810854133272269,2685430,云岚九歌,云岚九歌
ServiceIT: You can do IT,2024-03-04,3,Indie,11704,12.99,119970.0,3.2941349420416337,75,75.0,True,False,5.0790726588531845,4.068334313117254,1.113609151073028,0.5177413857820333,10.25034176349966,2194730,"FreeMind S.A.,PlayWay S.A.",picture4u
Heroes Wanted,2024-06-11,6,Indie,12366,19.99,119956.0,22.056278066296468,85,85.0,True,False,5.079021975536215,4.0922292421628566,1.300812794118117,1.343532228337875,9.700469027979944,2667410,Gameplete,Gameplete
The Crush House,2024-08-09,8,AA,8491,16.99,119615.0,4.720167640168312,76,76.0,True,False,5.077785644608495,3.9289588408808296,1.2301933788690456,0.6739574231906902,14.087268872924271,2337820,Devolver Digital,Nerial
Bounty: Drag Racing,2024-05-24,5,Indie,8324,24.99,119403.0,29.086758428949786,90,90.0,True,False,5.077015238577924,3.9203320715395895,1.39776625612645,1.463695324036239,14.34442575684767,1803390,KODgames,KODgames
Zet Zillions,2024-05-23,5,AA,14513,9.99,118127.0,11.015760970625273,89,89.0,True,False,5.0723491745891565,4.161757195261727,0.9995654882259823,1.0420145036591144,8.139392269000206,2229560,Raw Fury,OTA IMON Studios
天呐！找不到真爱就扑街！,2024-05-30,5,Indie,20613,6.99,117466.0,5.547836570388897,85,85.0,True,False,5.069912180231958,4.314141203260571,0.8444771757456814,0.7441236590299973,5.6986367826129145,2817690,國王互娛King Interactive,國王互娛King Interactive
#BLUD,2024-06-18,6,AA,5557,24.99,117246.0,6.316958418986393,76,76.0,True,False,5.06909803511795,3.744840396785379,1.39776625612645,0.8005080181854562,21.098794313478496,1921480,Humble Games,Exit 73 Studios
Rustil: Eternal Labyrinth Castle,2024-04-25,4,Indie,9425,14.99,117115.0,6.726593259880232,71,71.0,True,False,5.068612522741278,3.9742813588778305,1.1758016328482794,0.8277951677853569,12.425994694960211,2162820,KTMG LLC.,KIC Games
黄毛漂流记,2024-02-05,2,Indie,84506,1.99,117047.0,2.9681194503239188,0,,False,False,5.068360286890887,4.926887545332927,0.29885307640970665,0.4724813748996622,1.3850732492367406,2535770,BalloonsGame,BalloonsGame
Diabotical Rogue,2024-06-04,6,Indie,8314,19.99,116875.0,12.374667067893927,79,79.0,True,False,5.0677216238805745,3.9198100201701958,1.300812794118117,1.0925335233614404,14.057613663699785,2805060,GD Studio Inc,GD Studio Inc
The Devil Within: Satgat,2024-04-09,4,Indie,7093,19.99,116681.0,5.86608812156575,0,,False,False,5.067000142532493,3.850829959848531,1.300812794118117,0.7683485827533443,16.45016213167912,1802880,"Newcore Games,Astrolabe Games",Newcore Games
Rock Star Life Simulator,2024-02-26,2,Indie,11394,12.49,116257.0,5.247893236442482,93,93.0,True,False,5.0654191118402565,4.056676215120661,1.0965624383741355,0.7199849911359841,10.203352641741269,2530950,HOGO Games,HOGO Games
Artifact Seeker: Resurrection,2024-07-26,7,Indie,21260,8.99,115933.0,7.560146965041439,85,85.0,True,False,5.0642070742549485,4.3275632601872775,0.9537596917332288,0.8785302380258301,5.45310442144873,3054610,Lynkpin Game,Lynkpin Game
Supernormal,2024-01-08,1,Indie,16944,7.99,115876.0,1.644515685236371,69,69.0,True,False,5.063993495093075,4.22901594276341,0.9025467793139914,0.2160380200984649,6.83876298394712,2532430,Hitori de Productions,Hitori de Productions
Psalm 5:9-13,2024-03-13,3,Indie,34932,3.99,114851.0,0.5496443790101976,86,86.0,True,False,5.060134780920607,4.543223451486436,0.6009728956867483,-0.2599182090250454,3.287844955914348,1837220,"Ranwog,Notex,a1esska","Ranwog,Notex,a1esska"
Pathfinder: Gallowspire Survivors,2024-04-04,4,Indie,23803,6.99,114460.0,6.935692979085918,64,64.0,True,False,5.05865374157237,4.376631696608533,0.8444771757456814,0.8410898600679256,4.808637566693274,2388460,BKOM Studios,BKOM Studios
What the Fog,2024-05-14,5,AA,25501,4.99,114434.0,2.3208439147496027,0,,False,False,5.058555078815129,4.406557211256173,0.69810054562339,0.36564593354408503,4.487431865417043,2139020,Behaviour Interactive Inc.,Behaviour Interactive Inc.
Horticular,2024-07-11,7,Indie,7084,19.99,114045.0,8.426789375719885,95,95.0,True,False,5.057076249542435,3.850278552518037,1.300812794118117,0.9256621390374427,16.098955392433652,1928540,Slug Disco,inDirection Games
Sovereign Syndicate,2024-01-15,1,Indie,7160,19.99,113468.0,8.545574708566374,86,86.0,True,False,5.054873400005817,3.8549130223078554,1.300812794118117,0.93174127529152,15.847486033519552,1674920,Crimson Herring Studios,Crimson Herring Studios
Tales of Spark,2024-02-04,2,Indie,12900,13.99,113195.0,14.51652826490311,85,85.0,True,False,5.0538272438101375,4.110589710299249,1.1458177144918276,1.161862764044773,8.774806201550387,2165390,Ice and Fire Isle Studio,Ice and Fire Isle Studio
Fatal Countdown - immoral List of Desires,2024-04-09,4,Indie,12388,10.99,113186.0,1.786202605335042,83,83.0,True,False,5.053792712198923,4.0930011966847495,1.0409976924234905,0.2519307184878799,9.136745237326444,1987980,"Playmeow,ACG creator",Secret Garden
Stellar Settlers: Space Base Builder,2024-03-11,3,Indie,12644,11.99,112737.0,2.8593045181380656,88,88.0,True,False,5.052066473798159,4.101884487167542,1.0788191830988487,0.45626041051865995,8.916244859221765,2628570,"Rogue Duck Interactive,Gamersky Games",Tinymice Entertainment
SimCity™ 3000 Unlimited,2024-03-07,3,AAA,47101,4.99,112651.0,7.697533717458039,86,86.0,True,False,5.0517350512977925,4.673030127720651,0.69810054562339,0.886351599916762,2.391690197660347,2741560,Electronic Arts,Maxis
Let's Go! My Harem Farm,2024-06-21,6,Indie,9267,14.99,112505.0,5.636361336203013,81,81.0,True,False,5.051171823995435,3.966939163021113,1.1758016328482794,0.7509988271074487,12.140390633430451,2659960,OTAKU Plan,XO_PROJECT
Personal Trainer,2024-05-27,5,Indie,10501,12.99,112150.0,4.550002496678145,81,81.0,True,False,5.049799277918987,4.021230658479703,1.113609151073028,0.6580116349633198,10.67993524426245,2385140,Udder Yeti,Domiek
Dream Tactics,2024-04-15,4,Indie,8069,17.99,112147.0,13.108250723006284,94,94.0,True,False,5.0497876604346175,3.9068197154665456,1.2550311633455513,1.1175447395898588,13.89850043375883,1897650,indie.io,Spectra Entertainment Inc.
Ova Magica,2024-07-23,7,Indie,5364,24.99,111979.0,22.50564236018926,0,,False,False,5.049136584819788,3.7294887691795613,1.39776625612645,1.3522914131644908,20.876025354213272,1299170,"Top Hat Studios, Inc.","Skinny Frog,ClaudiaTheDev"
Spirit Hunter: Death Mark II,2024-02-15,2,Indie,2783,49.99,111912.0,11.417801959194982,98,98.0,True,False,5.048876657166098,3.444513206334043,1.6988831367525903,1.0575825059350967,40.21272008623787,2080800,Aksys Games,"EXPERIENCE,Ghostlight LTD"
Seifuku Kanojo,2024-04-02,4,Indie,5488,29.99,111658.0,9.261170262539688,83,83.0,True,False,5.047889844571703,3.7394141026986953,1.476976465759527,0.9666658685880813,20.34584548104956,2673490,HIKARI PULSE,Entergram
Oriental Valley,2024-04-25,4,Indie,7846,17.99,111604.0,9.214083597671644,86,86.0,True,False,5.047679760433066,3.894648303793517,1.2550311633455513,0.964452148207826,14.224318123884782,2201930,ETime Studio,猫多游戏
Space Prison,2024-07-18,7,Indie,6673,19.99,111599.0,8.315043071342291,88,88.0,True,False,5.047660303056509,3.8243211248507714,1.300812794118117,0.9198645031764446,16.723962235875916,1865930,Firesquid,Wooden Alien
Whispered Promises ~ 14 Days of Love with Anna,2024-02-14,2,Indie,8872,15.99,111150.0,1.8763832771371465,93,93.0,True,False,5.04590946703501,3.9480215331411035,1.2038484637462348,0.27332155373609807,12.528178539224529,2507840,072 Project,OMNIS
Throne of Bone,2024-04-08,4,Indie,7755,16.99,110885.0,12.912109890722832,92,92.0,True,False,5.044872800812564,3.889581802149624,1.2301933788690456,1.1109972135312984,14.298517085751127,1866630,Windmill Slam,Windmill Slam
Love X Crotch X GYM,2024-03-29,3,Indie,8753,15.99,110745.0,2.402291570090048,83,83.0,True,False,5.044324127478146,3.9421569284674907,1.2038484637462348,0.38062571730352507,12.652233519936022,2430700,072 Project,"奶油貓工作室,バター貓スタジオ"
Pesticide Not Required,2024-03-18,3,Indie,20018,6.5,110721.0,8.986554446747627,94,94.0,True,False,5.044229999552356,4.301420684913891,0.8129133566428556,0.953593209909655,5.531072035168348,2479320,Jampacked Games,Jampacked Games
Dragon Is Dead,2024-06-07,6,Indie,6489,19.99,109973.0,8.952984705381535,77,77.0,True,False,5.041286072518762,3.8121777741587537,1.300812794118117,0.9519678425768965,16.947603636924025,2803280,"PM Studios, inc.",TeamSuneat
Gourdlets,2024-08-15,8,Indie,29540,4.99,109304.0,4.510849803181503,95,95.0,True,False,5.038636055327022,4.47041049097593,0.69810054562339,0.6542583667263007,3.700203114421124,2013730,"Future Friends Games,AuntyGames",AuntyGames
Unreal Lust Theory,2024-03-29,3,Indie,22266,7.99,108802.0,1.6062343921411546,74,74.0,True,False,5.0366368786432325,4.347642204732427,0.9025467793139914,0.2058089206349627,4.886463666576844,2573100,Inceton games,Inceton games
Escape from the Room of the Serving Doll,2024-06-18,6,Indie,18575,6.99,108603.0,1.2631172015065026,87,87.0,True,False,5.035841822172261,4.2689288224326125,0.8444771757456814,0.10144364953081059,5.846729475100942,2442390,Playmeow,桃山プロダクション
NTR'd By Clumsiness,2024-05-15,5,Indie,20401,6.99,108551.0,2.2641617236393574,80,80.0,True,False,5.0356338286424105,4.309651455849319,0.8444771757456814,0.3549074442369597,5.320866624185089,2277300,Hangover Cat Purrroduction,Hangover Cat Purrroduction
Rogue Voltage,2024-05-10,5,Indie,8150,15.99,108249.0,8.035693626041311,93,93.0,True,False,5.03442389304861,3.9111576087399764,1.2038484637462348,0.9050233702046182,13.282085889570553,1494560,"Horizont Computergrafik,IndieArk",Horizont Computergrafik
The Braves,2024-05-03,5,Indie,35671,0.0,107932.0,37.56037743623871,65,65.0,True,True,5.033150224692573,4.552315284510609,,1.5747299477488164,3.0257632250287347,2479830,101XP,101XP GAME STUDIOS
The Political Machine 2024,2024-05-02,5,Indie,5997,19.99,107442.0,9.375262746564824,71,71.0,True,False,5.031174083994981,3.7779340488377793,1.300812794118117,0.9719834478967421,17.915957978989496,2512090,Stardock Entertainment,Stardock Entertainment
Lootun,2024-05-14,5,Indie,23003,5.49,107153.0,64.13552450605829,94,94.0,True,False,5.030004334642494,4.361784479429873,0.7395723444500919,1.8070986507882754,4.658218493240012,1960270,ArrowSoftGames,ArrowSoftGames
Stellar Initiative,2024-05-27,5,Indie,12661,9.99,106342.0,7.096431675244657,72,72.0,True,False,5.0267048239374965,4.1024680087880165,0.9995654882259823,0.8510400257180605,8.399178579891004,2529080,Five Head Games,Five Head Games
Baladins,2024-05-15,5,Indie,5066,24.99,106200.0,3.3563584876458874,84,84.0,True,False,5.02612451674545,3.704665185454529,1.39776625612645,0.525868340980166,20.963284642716147,1866320,Armor Games Studios,Seed by Seed
Of Life and Land,2024-04-02,4,Indie,5200,24.99,106071.0,8.470716159988035,93,93.0,True,False,5.025596663246269,3.716003343634799,1.39776625612645,0.927920129478612,20.39826923076923,1733110,"Kerzoven,Metaroot",Kerzoven
Aero GPX,2024-08-06,8,Indie,6739,19.99,105983.0,4.249184101788392,99,99.0,True,False,5.0252362086771365,3.828595456371702,1.300812794118117,0.6283055479072868,15.726814067369046,2160360,Aaron McDevitt,Aaron McDevitt
Trinity Survivors,2024-05-02,5,Indie,13772,9.99,105834.0,6.141025061148281,78,78.0,True,False,5.024625210612988,4.138997014032636,0.9995654882259823,0.7882408697150455,7.684722625617194,2686580,"Flyway Games, Inc.","Flyway Games, Inc."
Old School Rally,2024-07-18,7,Indie,12741,9.99,105556.0,3.3328854130189614,93,93.0,True,False,5.023482924454018,4.1052035157103415,0.9995654882259823,0.5228203825627135,8.284750019621693,2824660,Astrolabe Games,Frozen Lake Games
Factory Outlet Simulator,2024-07-15,7,Indie,12466,10.99,105087.0,12.264593888983066,87,87.0,True,False,5.021548994073298,4.09572712255598,1.0409976924234905,1.0886531722167856,8.42988929889299,2981590,PISHO,PISHO
Sandwalkers,2024-06-19,6,Indie,6527,19.99,104827.0,8.163045434052988,75,75.0,True,False,5.020473157082549,3.814713612695977,1.300812794118117,0.9118522137116695,16.06051784893519,1639080,"Goblinz Publishing,H2 Interactive Co., Ltd.",Goblinz Studio
Craftomation 101: Programming & Craft,2024-02-19,2,Indie,13458,9.99,104104.0,12.247192066961416,88,88.0,True,False,5.017467416778099,4.128980523966612,0.9995654882259823,1.0880365287325175,7.735473324416704,1724140,Luden.io,Luden.io
Deadrock Redemption,2024-04-04,4,Indie,8414,14.99,103914.0,1.9315781914925247,67,67.0,True,False,5.016674062601937,3.9250025076809774,1.1758016328482794,0.28591229334876705,12.350130734490136,2753270,Entropy Digital Entertainment,Entropy Digital Entertainment
Dungeon Travelers: To Heart 2 in Another World,2024-02-14,2,Indie,7032,19.99,103875.0,26.40898855646969,89,89.0,True,False,5.016511036792167,3.8470788620657155,1.300812794118117,1.421751768387704,14.771757679180888,1901620,"DMM GAMES,Shiravune",AQUAPLUS
Dustland Delivery,2024-07-11,7,Indie,16038,7.99,103498.0,16.13021138305583,93,93.0,True,False,5.01493195754795,4.2051502091401805,0.9025467793139914,1.2076400587648566,6.453298416261379,2943280,Farlight Games,Neutron Star Studio
Saki and the Crucible of Debauchery,2024-07-25,7,Indie,13943,8.99,103268.0,2.3790812982022453,96,96.0,True,False,5.01396576608478,4.144356227368183,0.9537596917332288,0.3764092830449811,7.406440507781682,2652500,"Mango Party,Mango Party News",ofuroworks
The Tribe Must Survive,2024-05-23,5,Indie,6191,24.99,103232.0,9.08482471233303,72,72.0,True,False,5.013814341372849,3.7917608040129047,1.39776625612645,0.9583165522053168,16.674527539977387,1729940,Starbreeze Entertainment,Walking Tree Games GmbH
PMC Promiscuity,2024-05-18,5,Indie,6029,19.99,103206.0,4.655877506903089,91,91.0,True,False,5.013704946236399,3.7802452838653524,1.300812794118117,0.6680015457879109,17.11826173494775,2738670,Overseer Division,"Shuuko,Amber Fiend"
Mashiroiro Symphony HD -Love is Pure White-,2024-05-01,5,Indie,4565,39.99,103113.0,16.50014475843828,85,85.0,True,False,5.013313422532305,3.659440781870318,1.6019514041335217,1.2174877543663414,22.58773274917853,2737970,Shiravune,Palette
Princess Maker 2 Regeneration,2024-07-10,7,Indie,3127,39.99,103057.0,5.284493425227376,62,62.0,True,False,5.013077495951477,3.4951278812429334,1.6019514041335217,0.7230033619040168,32.957147425647584,2311530,Bliss Brain,"Bliss Brain,Monkey Craft"
Kakuriyo Village ~Moratorium of Adolescence~,2024-03-21,3,Indie,5302,24.99,102837.0,3.703153793078795,85,85.0,True,False,5.012149398752137,3.7244397233970745,1.39776625612645,0.5685717488030265,19.395888344021124,2326590,BokiBoki Games,I'm moralist
Beneath the Mountain,2024-03-05,3,Indie,5490,24.99,102217.0,10.58303889083662,67,67.0,True,False,5.009523130556169,3.739572344450092,1.39776625612645,1.0246103920865604,18.618761384335155,1728840,Gameclaw Studio,Omnis Rector Studios
Serum,2024-05-23,5,Indie,5714,24.99,101998.0,4.520200688637722,59,59.0,True,False,5.008591656100354,3.756940236046724,1.39776625612645,0.6551577171195874,17.850542527126358,1610520,Toplitz Productions,Game Island
Personal Study,2024-04-15,4,Indie,14975,7.99,101925.0,1.8344642000474296,90,90.0,True,False,5.008280720124194,4.175366831061349,0.9025467793139914,0.263509240827011,6.806343906510851,2878000,ArcaneSpoon,ArcaneSpoon
Deathless. Tales of Old Rus,2024-06-18,6,Indie,5280,24.99,101371.0,12.004932786153772,88,88.0,True,False,5.005913730724013,3.722633922533812,1.39776625612645,1.0793597328491693,19.19905303030303,2727210,1С-777 Limited,1C Game Studios
The Great Rebellion,2024-02-01,2,Indie,6274,19.99,101324.0,3.919736996924976,99,99.0,True,False,5.005712326239292,3.7975445143617264,1.300812794118117,0.5932569280877878,16.149824673254702,2732820,AIP,Kvltgames
Backrooms Break,2024-04-24,4,Indie,13850,8.99,101261.0,1.747438412475688,71,71.0,True,False,5.005442211934265,4.141449773400467,0.9537596917332288,0.2424018782126826,7.311263537906137,2248330,Jan Jileček,Jan Jileček
Turbo Kid,2024-04-09,4,Indie,6185,19.99,101051.0,9.214640817798797,96,96.0,True,False,5.00454061564779,3.7913397039651393,1.300812794118117,0.9644784112981024,16.33807599029911,1733250,Outerminds Inc.,Outerminds Inc.
Don't Disturb Your STEPMOM,2024-06-20,6,Indie,8550,13.99,100118.0,2.188715860354927,68,68.0,True,False,5.000512165370471,3.931966114728173,1.1458177144918276,0.340189385008075,11.70970760233918,2937910,Lemonhaze Game Studio,Lemonhaze Studio
Fallen Young Wife~Netorare H without telling her husband~,2024-05-03,5,Indie,10217,11.99,99794.0,0.9473265220608578,75,75.0,True,False,4.999104430613782,4.009323393381013,1.0788191830988487,-0.02350030369191861,9.767446412841345,2717310,072 Project,瀧壺チャンネル
"Love, Ghostie",2024-08-14,8,Indie,5937,19.99,99704.0,3.727087878172361,97,97.0,True,False,4.998712582013566,3.7735670489260587,1.300812794118117,0.5713696327740706,16.793666835101902,1789490,"Janbeh Games, LLC","Janbeh Games, LLC"
Paper Trail,2024-05-21,5,Indie,6971,19.99,99360.0,4.517925370173087,0,,False,False,4.997211582832505,3.8432950827365073,1.300812794118117,0.6549390527043736,14.253335246019224,1889740,Newfangled Games,Newfangled Games
Underspace,2024-04-10,4,Indie,6301,19.99,99105.0,16.03857155052236,83,83.0,True,False,4.996095565863999,3.799409479615127,1.300812794118117,1.2051656859337418,15.72845580066656,1111930,Camlann Games,Pastaspace Interactive
Humans are not that against Lizardwomen,2024-04-06,4,Indie,52018,3.99,98977.0,2.73542716292518,94,94.0,True,False,4.995534286177595,4.716153650326954,0.6009728956867483,0.43702515517241114,1.902745203583375,2715650,Horny Capybara Studio,Hue Axis Entertainment
Star Command Galaxies,2024-08-28,8,Indie,7879,14.99,98718.0,5.326777990161925,44,44.0,True,False,4.994396348089466,3.8964711004792774,1.1758016328482794,0.7264645966052112,12.52925498159665,402160,Warballoon,Warballoon
Nightmare: The Lunatic,2024-03-31,3,Indie,8560,16.99,98647.0,12.420812923843696,90,90.0,True,False,4.994083882256666,3.932473764677153,1.2301933788690456,1.0941500207025603,11.524182242990657,1842730,Maetdol Games,Maetdol Games
Bears In Space,2024-03-22,3,Indie,6160,19.99,98573.0,9.076366799930872,96,96.0,True,False,4.99375797420303,3.7895807121644256,1.300812794118117,0.9579120385534721,16.00211038961039,1309620,Ravenscourt,Broadside Games
ALTF42,2024-06-04,6,Indie,25211,7.99,98378.0,4.830693338953039,75,75.0,True,False,4.992897989215457,4.401590072406656,0.9025467793139914,0.6840094685716552,3.902185553924874,2187230,GRAVITY,PUMPKIM
B-17 Flying Fortress : The Mighty 8th Redux,2024-01-25,1,Indie,7611,14.99,97527.0,10.442652231942674,66,66.0,True,False,4.989124865213592,3.881441721941393,1.1758016328482794,1.0188108150849464,12.813953488372093,2000800,MicroProse Software,MicroProse Software
TrinityS,2024-04-25,4,Indie,9630,14.99,97404.0,7.425199078752663,75,75.0,True,False,4.98857679201473,3.9836262871245345,1.1758016328482794,0.8707081021164825,10.114641744548289,1584690,Phoenixx Inc.,Indie-us Games
Slave Zero X,2024-02-21,2,Indie,4603,24.99,97228.0,6.396802075195478,85,85.0,True,False,4.987791352316747,3.663040974893974,1.39776625612645,0.8059629133281241,21.12274603519444,1903910,Ziggurat,Poppy Works
Crestfallen: Medieval Survival,2024-07-17,7,Indie,8635,14.99,97203.0,9.388145547654238,69,69.0,True,False,4.987679668870101,3.9362623419034777,1.1758016328482794,0.9725798139956964,11.256861609727853,2293680,Bloodbath Studios,Bloodbath Studios
My Pleasure - Season 3,2024-03-28,3,Indie,6301,18.99,95671.0,6.129136649681638,79,79.0,True,False,4.9807803134443,3.799409479615127,1.2785249647370176,0.787399304096623,15.183462942390095,2610080,Tasty Pics Studio,Tasty Pics Studio
Kingsgrave,2024-04-17,4,Indie,13324,9.99,95478.0,3.649236971474798,78,78.0,True,False,4.979903313161896,4.124634624019139,0.9995654882259823,0.562202066177002,7.165866106274392,2644360,Alawar,Egg or Chicken Games
Dishwashing Simulator,2024-04-03,4,Indie,12031,9.99,94839.0,4.485264365334047,90,90.0,True,False,4.976986966048753,4.080301726793912,0.9995654882259823,0.6517880458242906,7.882885878148118,2747780,Frinky,"Frinky,Frosty"
I'm counting to 6...,2024-01-26,1,Indie,17098,6.99,94804.0,0.8322044494652961,86,86.0,True,False,4.976826661613164,4.232945312745227,0.8444771757456814,-0.07976996653747224,5.544742075096503,2717260,EMIKA_GAMES,EMIKA_GAMES
Roundscape Adorevia,2024-08-02,8,Indie,6901,15.99,94711.0,9.85695666419018,80,80.0,True,False,4.976400422106433,3.8389120274059985,1.2038484637462348,0.9937428471961945,13.724242863353137,2986400,Arvus Games,Arvus Games
Abyss School,2024-01-19,1,Indie,26289,3.99,94355.0,4.04024775680354,91,91.0,True,False,4.974764918967022,4.419774066412875,0.6009728956867483,0.6064079978119536,3.5891437483358057,2473710,eTIRUe,eTIRUe
Raw Metal,2024-03-19,3,Indie,5335,19.99,93469.0,6.009124128377369,89,89.0,True,False,4.970667596313287,3.727134423760489,1.300812794118117,0.7788111751752544,17.51996251171509,2279600,Team Crucible,Team Crucible
异常情绪回收组,2024-01-28,1,Indie,10151,10.99,93379.0,12.301525684306291,85,85.0,True,False,4.970249218740136,4.00650882777529,1.0409976924234905,1.0899589777145795,9.19899517288937,2597460,墨元素,墨元素
全民街篮,2024-05-30,5,Indie,31422,0.0,92977.0,11.40682578170852,76,76.0,True,True,4.968375529108147,4.4972338242851295,,1.0571648085481924,2.9589777862644007,2383020,深圳市中手游网络科技有限公司,上海洲竞网络科技有限公司
Sumerian Six,2024-09-02,9,AA,3437,29.99,92768.0,5.230193368366318,96,96.0,True,False,4.967398193674903,3.536179532137225,1.476976465759527,0.7185177457051392,26.99098050625545,1429850,Devolver Digital,Artificer
Open Roads,2024-03-28,3,AA,6252,19.99,92665.0,2.2164894237313963,76,76.0,True,False,4.966915730076337,3.7960189693471493,1.300812794118117,0.34566566334748855,14.821657069737684,1497360,Annapurna Interactive,Open Roads Team
Cybernetic Seduction - Season 1,2024-05-03,5,Indie,8497,12.99,92662.0,6.853151087871319,90,90.0,True,False,4.9669016697025565,3.9292656182530656,1.113609151073028,0.8358903065883684,10.905260680240085,2724540,1Thousand,1Thousand
Idle Fishing,2024-05-24,5,Indie,46667,0.0,92146.0,46.04458467925279,77,77.0,True,True,4.964476487513509,4.669009883050939,,1.6631785600005453,1.974543038978293,2725560,AO Games,AO Games
Unveiling the Unknown,2024-05-07,5,Indie,6254,17.99,91150.0,8.885718977731928,90,90.0,True,False,4.959756672990995,3.7961578769069146,1.2550311633455513,0.9486925740016074,14.574672209785737,2960590,TwistedScarlett60,TwistedScarlett60
STUFFED,2024-06-16,6,Indie,11270,12.99,90795.0,2.606987372818584,81,81.0,True,False,4.958061932968233,4.051923916046107,1.113609151073028,0.41613892762843946,8.056344276841171,1243200,TheGamePublisher.com,Waving Bear Studio
Legendary Hoplite,2024-02-02,2,Indie,7587,14.99,90751.0,10.566538403468464,70,70.0,True,False,4.957851419295909,3.880070084064067,1.1758016328482794,1.0239327357942443,11.961381310135758,1479810,Ravenage Games,TripleBricksGames
Minimalist Tower Defense,2024-01-25,1,Indie,27004,4.99,90620.0,16.989870723384826,94,94.0,True,False,4.957224057843167,4.431428099316783,0.69810054562339,1.2301900743172969,3.35579914086802,2617400,HappyFairy213,HappyFairy213
Uncover the Smoking Gun,2024-06-23,6,Indie,5276,19.99,90446.0,5.377597908456318,97,97.0,True,False,4.956389364823908,3.7223047868743278,1.300812794118117,0.7305883262124938,17.142911296436694,2492290,ReLU Games,ReLU Games
Roots of Yggdrasil,2024-09-06,9,Indie,9225,12.99,90157.0,6.853841751565168,92,92.0,True,False,4.954999452005193,3.964966374831098,1.113609151073028,0.8359340727790796,9.773116531165313,2071430,"ManaVoid Entertainment,Indie Asylum",ManaVoid Entertainment
TOKYO PSYCHODEMIC,2024-05-29,5,Indie,1813,54.99,89539.0,5.858585549228073,24,24.0,True,False,4.952012239735755,3.258397804095509,1.7402837196818792,0.7677927760328255,49.387203530060674,2397140,GRAVITY,GRAVITY GAME ARISE
SPY×ANYA: Operation Memories,2024-06-27,6,AAA,2168,49.99,88877.0,8.19216012169394,90,90.0,True,False,4.948789386780757,3.336059277866349,1.6988831367525903,0.9133984323144341,40.99492619926199,2170370,Bandai Namco Entertainment,GrooveBoxJapan
Creatures of Ava,2024-08-07,8,AA,4284,24.99,88683.0,5.758266728274435,93,93.0,True,False,4.947840376158827,3.631849462159818,1.39776625612645,0.7602917779326219,20.70098039215686,2304440,11 bit studios,Inverge Studios
Archaelund,2024-01-08,1,Indie,4922,19.99,88551.0,18.604325863989,87,87.0,True,False,4.947193470009771,3.6921416093667836,1.300812794118117,1.2696139377892135,17.990857375050794,1082970,4 Dimension Games,4 Dimension Games
Age of Defense,2024-07-29,7,Indie,13157,14.99,88271.0,6.622342614987855,78,78.0,True,False,4.9458180466283705,4.1191568746903044,1.1758016328482794,0.8210116457530339,6.709052215550657,603320,Valkyrie Initiative,Battlecruiser Games
Never Mourn,2024-05-13,5,Indie,9965,14.99,87827.0,4.190220142970112,89,89.0,True,False,4.943628048348196,3.9984773030365064,1.1758016328482794,0.6222368402373313,8.813547415955846,1839820,"Poysky Productions,Light Up Games",Primal Seed
Vampire: The Masquerade - Justice,2024-02-06,2,Indie,4111,29.99,87251.0,2.884838067963121,68,68.0,True,False,4.940770413189878,3.61394747678035,1.476976465759527,0.46012144031192304,21.223789832157625,2431700,Fast Travel Games,Fast Travel Games
The Mobius Machine,2024-03-01,3,Indie,4524,24.99,87128.0,10.283281637117136,83,83.0,True,False,4.940157745034502,3.6555225962534177,1.39776625612645,1.012131730365527,19.259062776304155,2281940,Madruga Works,Madruga Works
Monuments Renovator,2024-03-08,3,Indie,9313,14.99,87084.0,6.637463072879075,74,74.0,True,False,4.939938369129167,3.9690896029549214,1.1758016328482794,0.8220021179253881,9.350799957049286,1257280,"Games Incubator,PlayWay S.A.","Monuments Games,Games Incubator"
In Search Of You,2024-07-18,7,Indie,15514,6.99,87038.0,3.4585829884120223,88,88.0,True,False,4.939708903046394,4.190723787108166,0.8444771757456814,0.5388982009998073,5.610287482274075,2963510,Celestial Star Studios,Celestial Star Studios
Ruff Ghanor,2024-02-22,2,Indie,5403,19.99,86902.0,11.912707709973718,94,94.0,True,False,4.939029771603657,3.732634967539196,1.300812794118117,1.076010486071062,16.084027392189526,2087460,"DX Gameworks,Magalu Games,Nonsense Creations",DX Gameworks
Duelists of Eden,2024-03-07,3,Indie,19473,4.99,86829.0,8.882961916395775,97,97.0,True,False,4.938664799329914,4.289432863850786,0.69810054562339,0.9485578001777875,4.458943152056694,1664200,Thomas Moon Kang,Thomas Moon Kang
Snow Plowing Simulator,2024-06-19,6,AA,6527,15.99,86660.0,4.197274212794315,77,77.0,True,False,4.937818684698356,3.814713612695977,1.2038484637462348,0.6229673431007535,13.277156427148766,2096030,"PlayWay S.A.,FreeMind S.A.",FreeMind S.A.
Kingdom of Atham: Crown of the Champions,2024-01-12,1,Indie,6744,13.99,86608.0,44.76252961271749,80,80.0,True,False,4.937558009746986,3.8289175616166857,1.1458177144918276,1.6509146213282095,12.842230130486358,1676380,Sofa Mauve Studio Inc.,Sofa Mauve Studio Inc.
Vertical Kingdom,2024-04-15,4,Indie,5365,19.99,86377.0,6.502037502275212,83,83.0,True,False,4.9363981162885695,3.72956972630197,1.300812794118117,0.8130494700792426,16.10009319664492,1902870,indie.io,Farlight Games Industry
Super Dark Deception,2024-07-12,7,Indie,5783,17.99,86169.0,6.475525689015737,67,67.0,True,False,4.93535105294323,3.7621531923035945,1.2550311633455513,0.8112750306021737,14.900397717447692,2193720,Glowstick Entertainment,Glowstick Entertainment
The Shell Part II: Purgatorio,2024-04-18,4,Indie,4718,24.99,85885.0,13.636618858867438,98,98.0,True,False,4.933917319988705,3.6737579365495767,1.39776625612645,1.1347067022145614,18.203688003391267,2712550,Shiravune,Innocent Grey
Idol Party,2024-08-15,8,Indie,9890,0.0,85835.0,18.90040585677796,76,76.0,True,True,4.933664411478237,3.9951962915971793,,1.2764711300709495,8.67896865520728,2955300,LONGYOU TECHNOLOGY PTE.LTD.,LONGYOU TECHNOLOGY PTE.LTD.
Mushoku Tensei: Jobless Reincarnation Quest of Memories,2024-06-19,6,Indie,2106,44.99,85274.0,6.605504766683781,66,66.0,True,False,4.930816635179659,3.3234583668494677,1.6531159931655668,0.8199060102941246,40.490978157644825,2459420,Bushiroad Inc.,LANCARSE Ltd.
Fantasy Amusement Park II,2024-05-31,5,Indie,17496,5.99,85154.0,2.386453664229536,73,73.0,True,False,4.9302050532043875,4.242938770029581,0.7774268223893114,0.3777530064521956,4.86705532693187,2619510,Shark Shark Game,Cat Paw Game
LustyVerse: Passion on Display,2024-03-22,3,Indie,14551,6.99,85060.0,7.235261775450229,76,76.0,True,False,4.929725378378005,4.162892840714255,0.8444771757456814,0.8594542487345129,5.845646347330081,2328740,Inceton games,Inceton games
Mini Settlers,2024-08-08,8,Indie,10001,9.99,84846.0,7.611946295559626,95,95.0,True,False,4.928631372653978,4.000043427276863,0.9995654882259823,0.8814957155550268,8.483751624837517,2521630,"Goblinz Publishing,IndieArk",Knight Owl Games
MY DESTINY GIRLS,2024-03-28,3,Indie,10132,9.99,84708.0,10.631953086248698,88,88.0,True,False,4.927924427943308,4.005695181118511,0.9995654882259823,1.0266130516039507,8.360442163442558,2766860,EpicDream Games,EpicDream Games
SEX Campus🔞,2024-03-02,3,Indie,13345,9.99,84104.0,1.400893717921749,70,70.0,True,False,4.924816651405721,4.125318578123527,0.9995654882259823,0.14640518776900302,6.302285500187336,2833810,Romantic Room,Romantic Room
Working Sakuya,2024-03-28,3,Indie,21999,6.99,83942.0,0.6717445513282418,96,96.0,True,False,4.923979312488245,4.342402939715273,0.8444771757456814,-0.17279584754112837,3.8157188963134687,2861150,ぬるぬる坊主,ぬるぬる坊主
Pet Shop Simulator,2024-06-21,6,Indie,7221,14.99,83875.0,6.252576189914551,76,76.0,True,False,4.923632533177049,3.8585973449946924,1.1758016328482794,0.7960589924709712,11.615427226145965,2401680,"Games Incubator,PlayWay S.A.",Games Incubator
Shadow of the Ninja - Reborn,2024-08-29,8,Indie,5173,19.99,83756.0,4.068742919986549,0,,False,False,4.923015928228942,3.7137424784090824,1.300812794118117,0.6094602501977482,16.190991687608737,2543760,"NatsumeAtari,Edigger,United Games Entertainment GmbH",NatsumeAtari
Mortal Glory 2,2024-03-04,3,Indie,9779,11.99,83727.0,11.982830998870288,89,89.0,True,False,4.922865530396313,3.9902944461284386,1.0788191830988487,1.0785594342419573,8.561918396564066,2216660,Redbeak Games,Redbeak Games
Hot Therapy,2024-03-24,3,Indie,7024,14.99,83552.0,1.805488022420824,74,74.0,True,False,4.92195685014285,3.8465845028980463,1.1758016328482794,0.25659461166963193,11.895216400911162,2360260,YummySoft,YummySoft
Distant Bloom,2024-03-27,3,Indie,5937,19.99,82715.0,6.030660089252949,84,84.0,True,False,4.917584274081113,3.7735670489260587,1.300812794118117,0.7803648506858502,13.932120599629442,1450250,Kinda Brave,Ember Trail
Misha's incident,2024-01-21,1,Indie,9393,9.99,82653.0,3.379960284632395,86,86.0,True,False,4.917258621486419,3.972804322336578,0.9995654882259823,0.5289115972402784,8.799425103800703,2723520,Zetlaff,Zetlaff
"Sex and the Furry Titty 3: Come Inside, Sweety",2024-05-16,5,Indie,10393,9.99,81316.0,4.081956048561926,91,91.0,True,False,4.910176007193577,4.01674092728626,0.9995654882259823,0.6108683242483053,7.824112383334937,2221840,Furlough Games PBS,Furlough Games
Terra Memoria,2024-03-27,3,Indie,5444,19.99,80472.0,7.421489669857486,87,87.0,True,False,4.905644795140426,3.735918116531297,1.300812794118117,0.8704910872823876,14.781778104335048,1912750,Dear Villagers,La Moutarde
Hole Dweller,2024-01-19,1,Indie,11170,7.99,80323.0,8.243305573081305,98,98.0,True,False,4.904839920656454,4.048053173115609,0.9025467793139914,0.916101399108933,7.190957923008058,2293850,"Thigh High Games,Shady Corner Games",Thigh High Games
Girls of The Tower,2024-02-23,2,Indie,19531,6.99,80184.0,11.944999317231185,89,89.0,True,False,4.9040877173497375,4.2907244800192235,0.8444771757456814,1.0771861292618918,4.1054733500588805,2688680,OKJOY,Robo Cat
"Everlasting Flowers - Where there is a will, there is a way",2024-08-28,8,Indie,2966,29.99,80055.0,5.093116591993197,86,86.0,True,False,4.903388461859269,3.472171146692363,1.476976465759527,0.7069836181906495,26.990896830748483,2795270,RIGHTWAY,"sprite,flowers.studio"
Let's take a bath with Purin 2,2024-07-11,7,Indie,6829,17.99,79862.0,1.285001362466089,79,79.0,True,False,4.902340182117868,3.834357112718405,1.2550311633455513,0.108903588142948,11.694537999707132,2973500,Parabolica Games,Parabolica Games
Step-Sister's Pussy 🔞,2024-05-04,5,Indie,11885,9.99,79636.0,1.359626699786155,66,66.0,True,False,4.901109437925502,4.074999186064199,0.9995654882259823,0.13341968448997168,6.700546907867059,2889280,Lust Desires 🖤,Lust Desires 🖤
DEVIATOR,2024-08-01,8,AA,13896,6.99,79632.0,4.154207295492834,72,72.0,True,False,4.901087623399948,4.142889805439042,0.8444771757456814,0.6184881640918192,5.730569948186528,2620730,SapStaR Games,Gami Studio
Berserk Boy,2024-03-06,3,Indie,5193,20.0,79600.0,4.544247462000582,94,94.0,True,False,4.900913067737669,3.715418322595056,1.3010299956639813,0.6574619733312732,15.32832659349124,1561340,BerserkBoy Games,BerserkBoy Games
Sinners Landing,2024-03-21,3,Indie,6625,14.99,79552.0,6.418405065171533,92,92.0,True,False,4.900651102625532,3.8211858826088454,1.1758016328482794,0.8074271219239629,12.007849056603774,1816140,Flexible Media,Flexible Media
Klaroro - Abyss of the Soul,2024-06-24,6,Indie,13771,6.99,79363.0,1.154620119000862,81,81.0,True,False,4.89961807621795,4.138965478289827,0.8444771757456814,0.06243912071408478,5.763052792099339,2822010,"Mango Party,Mango Party News",Ccryu
Tortuga - A Pirate's Tale,2024-02-13,2,AA,3832,24.99,79354.0,14.996518560571472,61,61.0,True,False,4.899568823140569,3.583425500406507,1.39776625612645,1.1759904493609412,20.708246346555324,1604250,Kalypso Media,Gaming Minds Studios
Go Mecha Ball,2024-01-25,1,Indie,5660,19.99,78981.0,5.399627908579028,94,94.0,True,False,4.8975226281563184,3.7528164311882715,1.300812794118117,0.7323638333750716,13.954240282685513,2008510,Super Rare Originals,Whale Peak Games
Little Lives,2024-03-08,3,Indie,8703,12.99,78886.0,9.53390087677779,85,85.0,True,False,4.896999935246957,3.9396689835223264,1.113609151073028,0.9792706322887136,9.064230725037344,1505560,Houndstooth Games,Houndstooth Games
Taora : Survival,2024-05-23,5,Indie,6923,13.99,78871.0,5.789378879025474,72,72.0,True,False,4.896917347250885,3.840294331611436,1.1458177144918276,0.7626319723834776,11.392604362270692,2165470,"Tulpar Games,TheGamesFortress",Tulpar Games
Vampire Therapist,2024-07-18,7,Indie,5819,14.99,78504.0,5.388496619369406,98,98.0,True,False,4.894891785836587,3.7648483571934106,1.1758016328482794,0.7314676147258984,13.490977831242482,2481020,Little Bat Games,Little Bat Games
Dustborn,2024-08-20,8,Indie,2896,29.99,78165.0,6.593134644087161,70,70.0,True,False,4.893012332222442,3.461798557525109,1.476976465759527,0.819091944936329,26.99067679558011,721180,Spotlight by Quantic Dream,Red Thread Games
Helskate,2024-02-15,2,Indie,4029,24.99,78067.0,3.456231082834484,85,85.0,True,False,4.892467490387112,3.6051972673883776,1.39776625612645,0.5386027716091842,19.37627202779846,1295630,Phantom Coast,Phantom Coast
BioGun,2024-07-31,7,Indie,5251,19.99,78048.0,12.534388822459311,93,93.0,True,False,4.892361778633637,3.720242018287057,1.300812794118117,1.098103162585859,14.863454580079985,1219240,Ravenage Games,Dapper Dog Digital
Древние Русы,2024-07-26,7,Indie,10257,12.99,77800.0,4.513675478999976,98,98.0,True,False,4.8909795969896885,4.011020355516257,1.113609151073028,0.654530331271214,7.585063858828117,2669860,Honor Games,Honor Games
My Special Summer Vacation 2,2024-06-27,6,Indie,6712,14.99,77507.0,3.3273859507086305,75,75.0,True,False,4.889340927333259,3.8268519478206438,1.1758016328482794,0.5221031785488893,11.547526817640048,2923560,Kagura Games,P.+
My Lovely Empress,2024-08-20,8,Indie,5046,19.99,77493.0,5.005057844039444,87,87.0,True,False,4.889262474136315,3.702947246181556,1.300812794118117,0.6994091010365114,15.35731272294887,2052990,Neon Doctrine,"GameChanger Studio,Neon Doctrine"
RollScape,2024-05-22,5,Indie,13298,6.99,76991.0,3.6407021344310766,85,85.0,True,False,4.886439960512968,4.123786328615372,0.8444771757456814,0.5611851484025883,5.789667619190856,2904290,Leonardo the Vinchy,Leonardo the Vinchy
AsHes,2024-06-23,6,Indie,4181,24.99,76979.0,7.838338003454954,65,65.0,True,False,4.886372265068487,3.621280167550415,1.39776625612645,0.8942239871173725,18.41162401339393,2455040,Yanmo Games,Yanmo Games
World War Armies,2024-05-02,5,Indie,16595,0.0,76971.0,21.36603364534045,55,55.0,True,True,4.886327128909236,4.219977256744623,,1.3297239079469825,4.638204278397107,2438160,"Hypemasters, Inc.","Hypemasters, Inc."
Hero Tale,2024-03-28,3,Indie,17823,4.99,76628.0,77.4947975197993,70,70.0,True,False,4.884387490566489,4.250980807096349,0.69810054562339,1.889272547870408,4.299388430679459,2513240,Weird Johnny Studio,Weird Johnny Studio
HAREM！RANCH LIFE,2024-08-23,8,Indie,5238,17.99,76619.0,3.634375724102398,72,72.0,True,False,4.884336479449251,3.7191654940892134,1.2550311633455513,0.5604298229361144,14.627529591447118,2420240,072 Project,GNT BOKUJO
Feather Party,2024-05-03,5,Indie,17907,4.99,76256.0,2.578855667114769,90,90.0,True,False,4.882274020666362,4.253022833611337,0.69810054562339,0.4114270363102157,4.258446417602055,2300230,Teneke Kafalar Spotlight,threeW
Family Breeding,2024-05-04,5,Indie,9451,9.99,75575.0,2.2619202418359845,81,81.0,True,False,4.8783781558498545,3.9754777631658746,0.9995654882259823,0.35447728708757503,7.996508305999365,2853840,Whiteleaf Studio,Whiteleaf Studio
CLICKOLDING,2024-07-16,7,Indie,30448,2.99,75559.0,0.9591748044351496,87,87.0,True,False,4.878286201534658,4.483558770942945,0.4756711883244297,-0.0181022377892094,2.4815751445086707,3011440,"Strange Scaffold,Outersloth",Strange Scaffold
Rugby 25,2024-06-28,6,AA,2783,29.99,75115.0,4.477776737220209,31,31.0,True,False,4.875726671581277,3.444513206334043,1.476976465759527,0.6510624357792991,26.990657563780093,2340870,Nacon,Big Ant Studios
Retail Company Simulator,2024-08-06,8,Indie,7846,11.99,74807.0,14.429833855747482,95,95.0,True,False,4.873942238494586,3.894648303793517,1.0788191830988487,1.1592613306813346,9.534412439459595,3089130,Business Tycoon,Business Tycoon
MADiSON VR,2024-05-02,5,Indie,2659,34.99,74572.0,3.281796387051666,80,80.0,True,False,4.872575790902319,3.424718337331567,1.5439439424829065,0.5161116325601508,28.045129748025573,2414550,BLOODIOUS GAMES,BLOODIOUS GAMES
Movies Tycoon,2024-07-15,7,Indie,2928,29.99,74220.0,7.186581816469715,71,71.0,True,False,4.870520950012764,3.4665710723863543,1.476976465759527,0.8565223742175995,25.348360655737704,2659050,PixelCraze s.r.o.,PixelCraze s.r.o.
Absolute Fear -AOONI- / 最恐 -青鬼-,2024-04-25,4,Indie,10121,9.99,74140.0,3.0040921096982327,46,46.0,True,False,4.870052581693545,4.005223424858136,0.9995654882259823,0.477713244617216,7.32536310641241,2889120,"LiTMUS Co., Ltd.","LiTMUS Co., Ltd."
JOY OF PROGRAMMING - Software Engineering Simulator,2024-01-30,1,AA,5061,17.99,73977.0,8.240086829646355,86,86.0,True,False,4.869096715329424,3.704236337308788,1.2550311633455513,0.9159317880851734,14.617071724955542,2216770,PlayWay S.A.,Prof. Scherer
Love Sucks: Night Two,2024-04-26,4,Indie,8567,9.99,73926.0,7.128949548171759,0,,False,False,4.868797207956958,3.9328287669008466,0.9995654882259823,0.8530255412064476,8.629158398505895,1719310,Critical Bliss,Art Witch Studios
Combat Mission: Final Blitzkrieg,2024-01-25,1,AA,2318,59.99,73845.0,28.69510089927749,91,91.0,True,False,4.868321094828437,3.3651134316275773,1.778078861937455,1.4578077561755856,31.8572044866264,2676000,Slitherine Ltd.,Battlefront
CUCKOLD'S GYM,2024-02-29,2,Indie,10845,9.99,73725.0,1.1268257494695315,52,52.0,True,False,4.8676147812238355,4.035229556350212,0.9995654882259823,0.05185676263460632,6.798063623789765,2757250,GeoCuck Group,GeoCuck Group
Death From Above,2024-02-22,2,Indie,9370,9.99,73720.0,2.636919618604075,96,96.0,True,False,4.867585326547037,3.971739590887778,0.9995654882259823,0.42109689136766176,7.867662753468516,2300160,Lesser Evil,Rockodile
Hot Office: Sex Story 🔞,2024-02-17,2,Indie,11261,9.99,73563.0,1.6649434272010375,74,74.0,True,False,4.866659432051612,4.051576958472539,0.9995654882259823,0.2213994812826825,6.5325459550661575,2727440,Romantic Room,Romantic Room
Cartel Simulator,2024-01-06,1,Indie,8484,10.99,73464.0,6.277972444255539,69,69.0,True,False,4.866074571308941,3.9286006598445242,1.0409976924234905,0.7978194051305053,8.65912305516266,2536490,ITK,ITK
My Demonic Romance,2024-05-01,5,Indie,4332,19.99,73449.0,3.198792096558785,80,80.0,True,False,4.865985887295256,3.636688447953283,1.300812794118117,0.5049860143099782,16.95498614958449,2370140,Andrealphus Games,Andrealphus Games
Natsu-Mon: 20th Century Summer Kid,2024-06-26,6,AA,2115,39.99,73248.0,5.826172175775137,100,100.0,True,False,4.864795770994449,3.325310371711061,1.6019514041335217,0.7653833148066105,34.632624113475174,2839280,"Spike Chunsoft Co., Ltd.","TOYBOX Inc.,Millennium Kitchen Co., Ltd."
Bewitching Sinners,2024-05-02,5,Indie,4546,17.99,73029.0,10.358212773282307,98,98.0,True,False,4.8634953538051455,3.657629431388952,1.2550311633455513,1.0152848278358928,16.064452265728114,2615670,Miss Xero,Miss Xero
Logiart Grimoire,2024-03-15,3,Indie,5375,19.99,73024.0,24.275998793839463,97,97.0,True,False,4.863465618402102,3.730378468587643,1.300812794118117,1.3851771072403738,13.585860465116278,2492390,Jupiter Corporation,Jupiter Corporation
Fatermyth,2024-04-23,4,Indie,8947,9.99,72746.0,7.219293184789795,84,84.0,True,False,4.86180911826706,3.951677437343301,0.9995654882259823,0.8584946794294734,8.13077009053314,2530420,Merlion Games,KDream
NejicomiSimulator TMA02 - My Own Dedicated Weak Pussy Cow Vtuber's Confinement and Training! Choke-Clamping Deep-Digging RIP to her Life Masochistic-Orgasm!- (cheeky big boob faphole understood her position),2024-05-23,5,Indie,3616,24.99,72642.0,15.223036272162016,86,86.0,True,False,4.861187792795608,3.5582284218033258,1.39776625612645,1.1825012821805558,20.08904867256637,2432040,"やぶから堂,LewdLoco","やぶから堂,たまぷろじぇくと"
Forgotten Seas,2024-06-07,6,Indie,3482,24.99,72549.0,23.006322622831195,83,83.0,True,False,4.860631430592155,3.5418287667813124,1.39776625612645,1.3618472057071263,20.83543940264216,2168260,indie.io,Pangea Game Studios
Malware,2024-07-31,7,Indie,32488,2.99,72453.0,1.863085353681632,88,88.0,True,False,4.860056372643241,4.51172297648198,0.4756711883244297,0.2702327517206204,2.2301465156365428,3019370,Odd Games,Odd Games
REAL ESTATE Simulator - FROM BUM TO MILLIONAIRE,2024-03-22,3,Indie,7849,12.99,72346.0,3.020761271053206,51,51.0,True,False,4.8594145240390105,3.894814329083301,1.113609151073028,0.4801164045976808,9.217225124219643,2738900,Midnight Games,Geekon
SCHiM,2024-07-18,7,Indie,5057,24.99,72271.0,2.506968572426479,77,77.0,True,False,4.858964064009236,3.7038929536325447,1.39776625612645,0.39914888963938494,14.291279414672733,1519710,"Extra Nice,PLAYISM","Ewoud van der Werf,Nils Slijkerman"
KRITIKA: ZERO,2024-07-18,7,Indie,5464,0.0,72154.0,22.60248534969474,50,50.0,True,True,4.858260412072268,3.737510690673476,,1.354156196417859,13.205344070278183,3007020,株式会社G・O・P,VALOFE
Twilight Survivors,2024-04-01,4,Indie,29195,2.99,72149.0,10.15643345075452,89,89.0,True,False,4.8582303160602605,4.465308479587306,0.4756711883244297,1.0067412271813905,2.4712793286521664,2788310,DORIDORI STUDIO,DORIDORI STUDIO
LakeSide,2024-03-25,3,Indie,6710,14.99,72013.0,3.0665883078991616,68,68.0,True,False,4.857410903634508,3.826722520168992,1.1758016328482794,0.4866554754905286,10.732190760059613,1552220,Massive Galaxy Studios,Massive Galaxy Studios
Sam & Max: The Devil's Playhouse,2024-08-14,8,Indie,4373,19.99,71874.0,8.406782251050108,99,99.0,True,False,4.856571815297643,3.640779477344857,1.300812794118117,0.924629798649221,16.435856391493253,2648050,Skunkape Games,Skunkape Games
Paradise,2024-04-26,4,Indie,4217,19.99,71794.0,11.744831290303976,97,97.0,True,False,4.8560881507078495,3.6250036010148636,1.300812794118117,1.0698467826958922,17.024899217453164,2708210,JAST BLUE,Pil/Slash
Project Unknown,2024-07-12,7,Indie,8767,9.99,71342.0,2.970398153906548,89,89.0,True,False,4.85334528017459,3.942851006554337,0.9995654882259823,0.4728146663054818,8.137561309455915,2115390,Nightmare Studios,PsychoRavens
Xiangsheng Simulator,2024-02-04,2,Indie,50829,2.99,71247.0,2.025891516718508,77,77.0,True,False,4.852766582212118,4.706111565560386,0.4756711883244297,0.30661618586535744,1.4016998170335833,2734310,Wave Ecstacy,Wave Ecstacy
Train Valley World,2024-08-09,8,AA,4824,19.99,70779.0,7.712589160171384,72,72.0,True,False,4.8499044224220125,3.683407299132095,1.300812794118117,0.8872001976632259,14.67226368159204,2244470,tinyBuild,Flazm
Ereban: Shadow Legacy,2024-04-10,4,Indie,3596,24.99,70723.0,6.029381243393642,89,89.0,True,False,4.849560674739912,3.5558196830611912,1.39776625612645,0.780272745578303,19.66713014460512,1671360,Baby Robot Games,Baby Robot Games
Fida Puti Samurai,2024-03-21,3,Indie,7866,11.99,70667.0,9.32968195468886,95,95.0,True,False,4.849216654763135,3.895753942073728,1.0788191830988487,0.9698668390650512,8.983854563946098,1534340,Zanardi and Liza,Zanardi and Liza
Strategic Command WWII: War in the Pacific,2024-07-18,7,AA,1963,39.99,70650.0,21.26686666979131,92,92.0,True,False,4.849112166184577,3.292920299600006,1.6019514041335217,1.3277035083202282,35.99083036169129,2740080,Slitherine Ltd.,Fury Software
Iragon 18+,2024-02-14,2,Indie,3729,29.99,70561.0,2.663141477314257,40,40.0,True,False,4.848564727047296,3.571592383361307,1.476976465759527,0.42539423860747916,18.92223116116921,1097480,SZH,Repulse
Crab God,2024-06-20,6,Indie,4297,19.99,70526.0,6.670332094268608,88,88.0,True,False,4.848349252805467,3.633165353683903,1.300812794118117,0.8241474565729174,16.41284617174773,2289390,Firesquid,Chaos Theory Games
Multiplayer Platform Golf,2024-02-29,2,Indie,15702,4.99,70517.0,3.0495567217758395,92,92.0,True,False,4.8482938278592815,4.195954973023524,0.69810054562339,0.4842367156491727,4.490956566042542,2263920,Robot Assembly,Robot Assembly
MACHI KORO With Everyone,2024-07-04,7,Indie,3439,24.99,70380.0,4.566587558857733,60,60.0,True,False,4.847449262499173,3.5364321758220134,1.39776625612645,0.6595917891413124,20.46525152660657,1969860,Grounding Inc.,Grounding Inc.
Eden Island,2024-07-26,7,Indie,9646,14.99,70247.0,7.442286413116884,63,63.0,True,False,4.84662778179753,3.984347257585864,1.1758016328482794,0.8717063796391131,7.282500518349575,1974220,Moon Studio,Moon Studio
Handsome Me with 100 Girlfriends!,2024-04-11,4,Indie,8623,9.99,70215.0,2.3062527099058565,57,57.0,True,False,4.846429900183123,3.9356583861006342,0.9995654882259823,0.3629068938105474,8.142757740925433,2761510,Day Day Up！,philosophy♂
Aooni,2024-07-25,7,Indie,11885,9.99,70127.0,2.6583768987342653,72,72.0,True,False,4.845885260382974,4.074999186064199,0.9995654882259823,0.42461655427282674,5.900462768195204,2934190,Game Studio Inc.,Game Studio Inc.
Kingsvein,2024-01-16,1,Indie,4273,19.99,70094.0,14.403321173774703,0,,False,False,4.8456808442374975,3.6307328928171967,1.300812794118117,1.158462644952032,16.403931663936344,2276830,Rad Codex,Rad Codex
Genome Guardian,2024-05-07,5,Indie,9474,11.99,69687.0,16.541265837868423,95,95.0,True,False,4.843151768702856,3.976533380391938,1.0788191830988487,1.2185687413329571,7.355604813172894,2891310,Alpherior,Alpherior
X Invader,2024-08-12,8,Indie,18675,4.99,69616.0,9.398892187788531,80,80.0,True,False,4.842709065948641,4.271260610487436,0.69810054562339,0.9730766679525683,3.727764390896921,2090760,ALLAF GAMES,ALLAF GAMES
Doom Sweeper,2024-06-08,6,Indie,20562,4.99,69495.0,11.423323279224366,77,77.0,True,False,4.841953559258837,4.313065354813511,0.69810054562339,1.0577924674709895,3.3797782316895244,2162680,Paper Dog,Paper Dog
Dungeon Vixens: A Tale of Temptation,2024-04-08,4,Indie,13651,5.99,68967.0,1.844034003991569,78,78.0,True,False,4.838641334996011,4.1351644666569545,0.7774268223893114,0.2657689251827633,5.052157351109809,2710970,Shady Corner Games,Dualarcade
I Wanna Fuck my Mom's Best Friend,2024-08-09,8,Indie,6151,14.99,68584.0,1.3084968640711163,74,74.0,True,False,4.836222810718678,3.788945727023748,1.1758016328482794,0.11677268615187089,11.15005690131686,3067200,Cherry Kiss Games,Orcsoft
Farewell North,2024-08-16,8,Indie,3905,23.99,68091.0,4.12583984340029,99,99.0,True,False,4.8330897123732734,3.591621038213319,1.3800302479678306,0.6155123655475859,17.436875800256082,1432850,Mooneye Studios,Kyle Banks
Fetish Room 18+,2024-04-27,4,Indie,8056,14.99,68004.0,1.334230232142228,58,58.0,True,False,4.832534458689121,3.906119457545562,1.1758016328482794,0.12523077704793384,8.441410129096326,2487120,Octo Games,Octo Games
エルミナージュORIGINAL ～闇の巫女と神々の指輪～,2024-05-23,5,Indie,5917,16.99,67981.0,27.00954354139559,78,78.0,True,False,4.8323875487626,3.772101569277012,1.2301933788690456,1.4315172447158404,11.489099205678553,2392310,mebius.,"mebius.,Anura Bless,STARFISH SD"
Toy Shire,2024-08-26,8,Indie,8399,9.99,67956.0,2.655938235656375,99,99.0,True,False,4.832227807674154,3.9242275812601175,0.9995654882259823,0.4242179712134837,8.090963209905942,2361460,Catoptric Games,Bluespy Studios
Doll Impostor,2024-03-28,3,Indie,13779,6.99,67755.0,4.768041120328671,97,97.0,True,False,4.830941349617076,4.139217700137586,0.8444771757456814,0.6783399921715317,4.917265403875462,2882870,HeadArrow,HeadArrow
Fog of War: Book One,2024-06-09,6,Indie,7273,11.99,67732.0,4.063814895352941,84,84.0,True,False,4.830793899704099,3.861713587571434,1.0788191830988487,0.6089339178394395,9.312800769971126,2676180,Story Machine Studios,Story Machine Studios
Tallowmere 2: Curse of the Kittens,2024-02-19,2,Indie,11885,9.99,67713.0,18.52500735091892,83,83.0,True,False,4.830672055483784,4.074999186064199,0.9995654882259823,1.2677583889840454,5.697349600336559,655740,"Chris McFarland,Lightning Games",Chris McFarland
HEARTSHOT,2024-03-03,3,Indie,5258,14.99,67643.0,1.2470111412929836,71,71.0,True,False,4.830222860524662,3.720820581770344,1.1758016328482794,0.09587033365532609,12.864777481932292,2702700,Meadow Studios,Meadow Studios
Special Operations Unit - SIGNAL FORCES,2024-03-21,3,Indie,9145,8.99,67599.0,2.590459109546948,85,85.0,True,False,4.829940271419533,3.9611837098124356,0.9537596917332288,0.41337674132945873,7.391908146528157,2311820,Mango Party,ankoku marimokan
Let's Minesweeper,2024-07-24,7,Indie,16670,4.99,67473.0,6.178763103995366,81,81.0,True,False,4.8291300202854375,4.221935599828005,0.69810054562339,0.7909015445267888,4.04757048590282,2865580,SUNJOY GAME,SUNJOY GAME
Mech Builder,2024-07-16,7,Indie,8717,9.99,67468.0,4.219712973890713,75,75.0,True,False,4.829097836258188,3.9403670459856652,0.9995654882259823,0.6252829111287769,7.739818744981071,2870420,Don Pachi,Don Pachi
Renaissance Kingdom Wars,2024-07-15,7,Indie,3341,24.99,67386.0,2.357913601093543,76,76.0,True,False,4.828569677628779,3.523876475638131,1.39776625612645,0.3725278875886881,20.169410356180784,2533020,indie.io,Reverie World Studios
The Symbiant Re:Union,2024-01-29,1,Indie,5451,14.99,67132.0,2.464026613811756,93,93.0,True,False,4.82692958590122,3.7364761820276966,1.1758016328482794,0.39164539430779693,12.315538433314988,2355140,HeartCoreDev,HeartCoreDev
Imperial Lovers,2024-06-07,6,Indie,6059,14.99,66935.0,3.663082169554396,86,86.0,True,False,4.8256532677243085,3.7824009524965296,1.1758016328482794,0.5638466607840653,11.047202508664796,2821040,Pink Pixel Games,LAPLACE
撩妹模拟器：渣男的秘密,2024-05-17,5,Indie,11788,6.99,66927.0,1.858554104518518,82,82.0,True,False,4.825601358207652,4.071440127177888,0.8444771757456814,0.26917520839748016,5.677553444180522,2719190,DeerRiver,DeerRiver
Dog Brew,2024-04-30,4,Indie,24238,3.5,66829.0,2.364138281649029,98,98.0,True,False,4.82496496257916,4.384496781137869,0.5440680443502757,0.3736728754244207,2.7571994388975987,2883280,"Yuliy Oneshko,S-Grade","Yuliy Oneshko,S-Grade"
Royal Order,2024-03-29,3,Indie,2632,29.99,66782.0,11.646453886154193,93,93.0,True,False,4.824659421246614,3.4202858849419178,1.476976465759527,1.0661937114470055,25.373100303951368,1749010,Nifty Productions,Nifty Visuals
Magical Delicacy,2024-07-16,7,Indie,3192,24.99,66573.0,9.902069553189165,75,75.0,True,False,4.823298128141233,3.5040628826786917,1.39776625612645,0.9957259725367869,20.8562030075188,2231190,Whitethorn Games,Skaule
The Cub,2024-01-19,1,Indie,7919,14.99,66322.0,2.1002879833095163,87,87.0,True,False,4.821657614283278,3.89867034296553,1.1758016328482794,0.32227884758500763,8.375047354463948,1941410,"Untold Tales,Gamersky Games",Demagog Studio
Time Treker,2024-07-09,7,Indie,11364,6.99,66300.0,5.857565393934813,78,78.0,True,False,4.821513528404773,4.055531225050898,0.8444771757456814,0.7677171457652032,5.834213305174234,2776500,"Leyo Games,2P Games",Fuse Game
Hoofobia,2024-02-23,2,Indie,9279,9.99,66052.0,2.208382853909323,72,72.0,True,False,4.819885972227815,3.9675011747228415,0.9995654882259823,0.34407436657828244,7.118439487013687,2467300,Deathyell Games,Deathyell Games
CYGNI: All Guns Blazing,2024-08-05,8,AA,2604,29.99,66026.0,4.2482896928941605,62,62.0,True,False,4.819714987557009,3.4156409798961542,1.476976465759527,0.6282141238304023,25.355606758832565,1248080,KONAMI,KeelWorks
Rebel Transmute,2024-03-11,3,Indie,4028,19.99,65739.0,8.735269357373568,79,79.0,True,False,4.81782309345134,3.6050894618815805,1.300812794118117,0.9412763012614112,16.320506454816286,1191660,JanduSoft,Evan Tor Games
Dungeons of Blood and Dream,2024-05-27,5,Indie,4567,15.99,65723.0,6.0147787122403,96,96.0,True,False,4.817717379073881,3.6596310116070008,1.2038484637462348,0.7792196539832957,14.390847383402672,2488590,Lori Vornoy,Lori Vornoy
Cafe Maid - Hentai Edition,2024-02-22,2,Indie,4316,19.99,65693.0,14.618248574677336,73,73.0,True,False,4.817519095231982,3.635081436010873,1.300812794118117,1.164895342531731,15.220806302131605,1586710,Woop Media,Sexy Hentai Games Factory
Monsters Domain,2024-04-05,4,Indie,5032,19.99,65271.0,4.161012638797963,44,44.0,True,False,4.814720266459651,3.7017406324372124,1.300812794118117,0.6191990349354316,12.97118441971383,1442450,"G-DEVS.com,CreativeForge Games",G-DEVS.com
Doki Doki AI Interrogation,2024-05-24,5,Indie,22562,3.49,65249.0,1.4546503626836578,82,82.0,True,False,4.814573860105186,4.353377594888645,0.5428254269591799,0.16275861957322202,2.891986526017197,2844700,YAMADA,YAMADA
Growtopia,2024-03-07,3,AAA,37131,0.0,65173.0,7.361271608839274,31,31.0,True,True,4.814067712609202,4.569736645661217,,0.8669528421908098,1.7552180119038,866020,Ubisoft,Ubisoft Abu Dhabi
Fuck You Witch,2024-03-29,3,Indie,8355,9.99,65063.0,0.9673952756904698,92,92.0,True,False,4.813334084359419,3.9219464542294102,0.9995654882259823,-0.014396037835065779,7.787312986235787,2736020,Beshbarmak games,Beshbarmak games
月藍傳奇REMAKE古文明之謎,2024-02-11,2,Indie,2607,19.99,65028.0,40.43827237929116,96,96.0,True,False,4.8131003970600155,3.416141031168329,1.300812794118117,1.6067925932056184,24.94361334867664,2391680,RMAsia,"天使蛋糕,攸藍,牙籤,黃金,咕咕咕,鎧特"
CUM Queens 🔞💦,2024-02-10,2,Indie,10518,9.99,64931.0,1.5889476459175789,67,67.0,True,False,4.8124520914779865,4.021933166477439,0.9995654882259823,0.20110958791620423,6.173321924320213,2711320,BanzaiProject,BanzaiProject
Mothers and Daughters,2024-01-02,1,Indie,7578,9.99,64494.0,4.364727003460155,67,67.0,True,False,4.8095193132694165,3.8795546009389743,0.9995654882259823,0.6399570854760639,8.510688836104514,2508400,Spin256,Spin256
Zero Division,2024-07-11,7,Indie,6099,12.99,64472.0,7.677055210096512,88,88.0,True,False,4.809371142764097,3.785258633357701,1.113609151073028,0.8851946638781834,10.570913264469583,2181950,Astrolabe Games,Robot Cat Limited
LAPIDARY: Jewel Craft Simulator,2024-03-25,3,Indie,9702,7.99,64395.0,4.00446009890238,82,82.0,True,False,4.80885214753512,3.986861270290045,0.9025467793139914,0.6025439706391402,6.637291280148423,2539820,THINK & FEEL,THINK & FEEL
Preserve,2024-08-08,8,Indie,6779,12.49,64320.0,5.1397419833615166,95,95.0,True,False,4.808346035740395,3.8311656339094426,1.0965624383741355,0.710941317825064,9.488125092196489,2109270,Grindstone,Bitmap Galaxy
VoidBound,2024-05-24,5,Indie,3945,19.99,64291.0,4.450637928804644,93,93.0,True,False,4.808150180950546,3.596047007545439,1.300812794118117,0.6484222647120449,16.29683143219265,2500710,Shady Corner Games,CursedAtelier
Witch and Lilies,2024-05-23,5,Indie,3338,24.99,64035.0,13.370290768841915,45,45.0,True,False,4.806417413859628,3.5234863323432277,1.39776625612645,1.1261408521333696,19.18364289994008,2525810,Stromatosoft Inc.,"Stromatosoft Inc.,株式会社タストα"
挂姬恶魔 IDLE DEVILS,2024-01-30,1,Indie,23630,3.99,63683.0,76.24068923464054,80,80.0,True,False,4.804023514100795,4.373463721632369,0.6009728956867483,1.8821868137772808,2.6950063478628863,2226700,"GOCORE,NPC Entertainment",GOCORE
Der Königsruf,2024-05-05,5,Indie,710,0.0,63264.0,26.27006411419708,57,57.0,True,True,4.8011566476335785,2.8512583487190755,,1.4194611327178566,89.10422535211268,2916840,Starlight Games,Starlight Games
TRADESMAN: Deal to Dealer,2024-06-18,6,Indie,23503,2.99,63246.0,10.285109683855875,0,,False,False,4.801033063715675,4.371123300581949,0.4756711883244297,1.0122089275173118,2.6909756201336,2555430,AZAMATIKA,AZAMATIKA
Exotica: Petshop Simulator,2024-02-06,2,Indie,10381,12.99,63223.0,9.639862476774535,84,84.0,True,False,4.8008750997372465,4.016239191042639,1.113609151073028,0.9840708382592648,6.090261053848377,2138580,Konrul Game,Konrul Game
Kamaeru: A Frog Refuge,2024-06-08,6,Indie,3805,19.99,62891.0,5.384590955417545,88,88.0,True,False,4.798588500294284,3.5803546611065915,1.300812794118117,0.7311527173735841,16.52851511169514,1978150,Armor Games Studios,Humble Reeds
"YEAH! YOU WANT ""THOSE GAMES,"" RIGHT? SO HERE YOU GO! NOW, LET'S SEE YOU CLEAR THEM! 2",2024-07-17,7,Indie,6994,9.99,62883.0,1.7390408856523605,81,81.0,True,False,4.798533252693668,3.844725627973226,0.9995654882259823,0.24030979258608037,8.990992279096368,2744230,D3PUBLISHER,MONKEYCRAFT Co. Ltd.
The Quintessential Quintuplets - Five Memories Spent With You,2024-05-23,5,AA,2155,34.99,62867.0,11.95180978697573,97,97.0,True,False,4.798422736403442,3.3334472744967503,1.5439439424829065,1.0774336727306792,29.17262180974478,2507620,"Spike Chunsoft Co., Ltd.",MAGES. Inc.
LurkBait Twitch Fishing,2024-02-21,2,Indie,9946,7.0,62659.0,97.5255994143152,97,97.0,True,False,4.7969834595219485,3.9976484548962063,0.8450980400142568,1.989118628263803,6.299919565654535,2767520,BLAMCAM Interactive,BLAMCAM Interactive
Athenian Rhapsody,2024-05-14,5,Indie,5384,14.99,62520.0,7.173748703426827,91,91.0,True,False,4.796018969347149,3.7311050512159203,1.1758016328482794,0.8557461592612526,11.612184249628529,1671720,"Top Hat Studios, Inc.",Nico Papalia
Astro Looter: Survivor,2024-07-15,7,Indie,9505,6.99,62500.0,1.4977793859228246,80,80.0,True,False,4.795880017344075,3.977952121201462,0.8444771757456814,0.17544784905621538,6.575486586007364,2871930,Soda Game Studio,Soda Game Studio
Writer's Rush,2024-01-22,1,Indie,12123,5.99,62445.0,2.289644395339992,0,,False,False,4.795497669942459,4.08361010516231,0.7774268223893114,0.35976803730330476,5.150952734471665,2745800,Frogstorm,Frogstorm
Incremental Factory,2024-01-29,1,Indie,8945,8.99,62413.0,18.361914687260576,76,76.0,True,False,4.795275058276003,3.951580344903392,0.9537596917332288,1.2639179652506292,6.977417551704863,2449430,Significant Steak,Significant Steak
Frogmonster,2024-04-02,4,Indie,3920,19.99,62346.0,7.469643702002446,0,,False,False,4.794808595205845,3.593286067020457,1.300812794118117,0.873299886695632,15.904591836734694,1853760,Ben Jungwirth,Ben Jungwirth
Space for Sale,2024-07-30,7,Indie,4309,19.99,62334.0,2.571875686202304,62,62.0,True,False,4.794724996652767,3.6343764940883676,1.300812794118117,0.4102499727665157,14.46600139243444,1624060,Mirage Game Studios,Mirage Game Studios
Bloody Heaven 2,2024-05-11,5,Indie,15453,4.99,62317.0,2.607953214827291,87,87.0,True,False,4.794606537815884,4.1890128046002415,0.69810054562339,0.4162997961378761,4.032679738562091,2816940,ShaneGame,ShaneGame
Wishful Journey:Love Across Time,2024-04-24,4,Indie,7540,9.99,62138.0,4.065350388485396,91,91.0,True,False,4.793357270757674,3.877371345869774,0.9995654882259823,0.6090979829504497,8.241114058355437,2867510,Hillhouse Holdings Limited,Hillhouse Holdings Limited
Transpile Girl Rescue Operation!,2024-02-29,2,Indie,9467,7.99,62059.0,2.067723377769677,81,81.0,True,False,4.792804773214294,3.976212377117377,0.9025467793139914,0.3154924379307198,6.555297348684905,2613010,"Mango Party,Mango Party News",Backflip WildCAT
Charming Hearts,2024-06-13,6,Indie,8239,9.99,61946.0,6.750066937296435,88,88.0,True,False,4.792013268193709,3.9158745028576916,0.9995654882259823,0.8293080795501857,7.518630901808472,2817140,坤舆科技,"坤舆科技,一冉影视"
Mad World  - Age of Darkness - MMORPG,2024-01-25,1,Indie,16540,0.0,61737.0,19.2830024831735,46,46.0,True,True,4.7905455218888555,4.218535505216527,,1.2851746571784048,3.732587666263604,771580,Jandisoft,Jandisoft
Just Crow Things,2024-08-15,8,Indie,3701,19.99,61496.0,3.30811829010812,96,96.0,True,False,4.788846868061211,3.5683190850951116,1.300812794118117,0.5195810304520715,16.616049716292896,2537920,Unbound Creations,Unbound Creations
College Bowl,2024-06-20,6,Indie,3168,24.99,61396.0,18.181356254688936,90,90.0,True,False,4.788140077419414,3.500785172917456,1.39776625612645,1.259626276683413,19.380050505050505,1226160,Super Pixel Games,Super Pixel Games
The Emperor and State,2024-07-26,7,Indie,5274,14.99,61289.0,11.86235961578673,55,55.0,True,False,4.787382535399672,3.7221401254574156,1.1758016328482794,1.0741710858399915,11.620970800151689,2716930,Hawthorn Games,涂途
Ants Took My Eyeball,2024-04-19,4,Indie,4411,16.99,61223.0,9.037092241039142,93,93.0,True,False,4.786914606730178,3.6445370577784075,1.2301933788690456,0.9560287151200995,13.879619133983224,1627890,Bosmic Forge,Bosmic Forge
Zoo Simulator,2024-07-26,7,Indie,3737,19.99,61087.0,3.273604542454089,79,79.0,True,False,4.785948797329788,3.5725230978496376,1.300812794118117,0.5150262146595638,16.346534653465348,2129220,"Games Incubator,PlayWay S.A.",Games Incubator
Lagoon Lounge 2 : The Secret Roommate,2024-01-26,1,Indie,5279,13.99,61068.0,3.1306831969792213,99,99.0,True,False,4.785813696920919,3.7225516620009587,1.1458177144918276,0.4956391223071435,11.568100018942982,2754340,KAIJYU-09,KAIJYU-09
失乐星图Nornium,2024-08-09,8,Indie,67552,0.0,60846.0,2.1780584672619385,15,15.0,True,True,4.784232033099737,4.829638211627563,,0.33806953366971965,0.9007283278067266,2877160,Flaring Cloister,Flaring Cloister
Firefighter Connor,2024-04-30,4,Indie,8216,8.99,60731.0,2.242095780909892,94,94.0,True,False,4.783410432298363,3.9146604305892216,0.9537596917332288,0.35065416144009787,7.391796494644596,2384920,XSSPACE,XSSPACE
STEPMOM: Milf Scandal 💖,2024-04-06,4,Indie,8747,9.99,60707.0,1.6881789681934547,74,74.0,True,False,4.783238771571056,3.9418591265253737,0.9995654882259823,0.22741848540503895,6.940322396250143,2879480,Lust Desires 🖤,Lust Desires 🖤
Fossilfuel 2,2024-02-19,2,Indie,3536,19.99,60574.0,3.4051538698366484,83,83.0,True,False,4.782286253217027,3.5485122563410356,1.300812794118117,0.5321367413034728,17.130656108597286,2299660,DangerousBob Studio LLC,DangerousBob Studio LLC
Grim Realms,2024-03-16,3,Indie,7912,14.99,60485.0,22.21024111991872,81,81.0,True,False,4.781647684984131,3.898286278589123,1.1758016328482794,1.3465532733833123,7.644716885743175,1522280,Edym Pixels,Edym Pixels
Dragon Island,2024-03-11,3,Indie,4540,15.99,60119.0,5.27832271072752,49,49.0,True,False,4.779011748061015,3.6570558528571038,1.2038484637462348,0.7224959389730368,13.242070484581498,1554470,Kulplant,Kulplant
Vendir: Plague of Lies,2024-05-30,5,Indie,5394,14.99,60002.0,7.874389589473117,77,77.0,True,False,4.7781657266251045,3.7319109421168726,1.1758016328482794,0.8962168979285274,11.123841305153874,1478850,Early Morning Studio,Early Morning Studio
TFC: The Fertile Crescent,2024-06-13,6,Indie,6084,14.99,59978.0,9.141889553317936,93,93.0,True,False,4.777991979872234,3.7841892053809607,1.1758016328482794,0.961035970106417,9.858316896778437,1674820,Wield Interactive,Wield Interactive
Quest Master,2024-05-29,5,Indie,3682,19.99,59887.0,14.166458476302155,98,98.0,True,False,4.777332557931784,3.5660837841679958,1.300812794118117,1.1512612929830586,16.264801738185767,2094070,Apogee Entertainment,"Julian Creutz,Skydevilpalm"
The Quintessential Quintuplets - Memories of a Quintessential Summer,2024-05-23,5,AA,2062,34.99,59790.0,6.669112171149566,94,94.0,True,False,4.77662855342015,3.3142886609474975,1.5439439424829065,0.8240680220972554,28.99612027158099,2507610,"Spike Chunsoft Co., Ltd.",MAGES. Inc.
Venture to the Vile,2024-05-21,5,Indie,2933,24.99,59625.0,8.214971200602747,75,75.0,True,False,4.775428392048171,3.467312062980552,1.39776625612645,0.9146060452584532,20.329014660756904,2153750,Aniplex Inc.,Studio Cut to Bits
Victory at Sea Atlantic - World War II Naval Warfare,2024-04-05,4,Indie,1822,39.99,59473.0,6.743969006148069,65,65.0,True,False,4.774319846193652,3.2605483726369795,1.6019514041335217,0.8289155656958974,32.64160263446762,1674830,Evil Twin Artworks,Evil Twin Artworks
The World's Egg - For Those Who Dream,2024-03-29,3,Indie,6239,12.99,59464.0,3.5879581457102465,84,84.0,True,False,4.774254119794893,3.7951149856303634,1.113609151073028,0.5548473682647236,9.53101458567078,2614670,Kagura Games,Hasoyua
Lunar's Chosen - Episode 2,2024-03-28,3,Indie,5851,11.99,59390.0,2.801292567449313,72,72.0,True,False,4.773713325277021,3.7672300981107183,1.0788191830988487,0.44735846897832876,10.150401640745171,2697200,PTGames,PTGames
Be My Horde,2024-06-18,6,Indie,13942,4.99,59326.0,4.340932988101288,88,88.0,True,False,4.773245067425772,4.144325078400488,0.69810054562339,0.6375830815948702,4.255200114761154,2499520,Polished Games,Polished Games
King of the Bridge,2024-03-08,3,Indie,21749,2.99,59016.0,2.2387116478207623,96,96.0,True,False,4.770969770450323,4.337439293269231,0.4756711883244297,0.3499981588649127,2.713504069152605,2523120,Finn Schuuring,Finn Schuuring
Inkbound,2024-04-09,4,Indie,156820,29.99,3139302.0,29.459680253104807,91,91.0,True,False,6.496833096720973,5.195401449520219,1.476976465759527,1.4692280288248136,20.018505292692257,1062810,Shiny Shoe,Shiny Shoe
Sky: Children of the Light,2024-04-10,4,Indie,529290,0.0,3087626.0,30.47269156154372,84,84.0,True,True,6.489624689340815,5.7236936888413625,,1.483910815847241,5.833524155000094,2325290,thatgamecompany,thatgamecompany
古龙风云录,2024-02-01,2,Indie,158807,29.99,3080764.0,21.370174186118447,60,60.0,True,False,6.488658430733898,5.200869641632459,1.476976465759527,1.3298080620686912,19.399421939838923,2340650,心火游戏,香港商河洛互動娛樂股份有限公司
HELLCARD,2024-02-01,2,Indie,208084,24.99,3008517.0,15.293875870297132,85,85.0,True,False,6.478352469869667,5.318238687713531,1.39776625612645,1.1845175610023968,14.458185155994697,1201540,"Skystone Games,Surefire.Games",Thing Trunk
ASKA,2024-06-20,6,Indie,147273,24.99,2986028.0,30.71361641191253,79,79.0,True,False,6.475093875789703,5.168123133632702,1.39776625612645,1.4873309559829222,20.27546121828169,1898300,Thunderful Publishing,Sand Sailor Studio
SMITE 2,2024-08-27,8,AA,110462,29.99,2981479.0,8.86584602378419,56,56.0,True,False,6.474431754746242,5.0432129021965535,1.476976465759527,0.9477201844862625,26.990992377469176,2437170,Hi-Rez Studios,Titan Forge Games
Legendary Tales,2024-02-08,2,Indie,88603,54.99,2934588.0,7.76449813405446,79,79.0,True,False,6.467547137308913,4.947448426868861,1.7402837196818792,0.8901133899223231,33.12063925600713,1465070,Urban Wolf Games Inc.,Urban Wolf Games Inc.
Visions of Mana,2024-08-29,8,AA,52728,59.99,2846837.0,12.066746016802458,86,86.0,True,False,6.454362601665007,4.722041298632116,1.778078861937455,1.0815901717151168,53.99099150356547,2490990,Square Enix,Square Enix
Summer Clover,2024-06-26,6,Indie,181429,17.99,2827661.0,8.280402546996685,99,99.0,True,False,6.451427341951506,5.258706706832966,1.2550311633455513,0.9180514502739883,15.585496254733256,2458860,"Mango Party,Mango Party News",Connection
Rabbit and Steel,2024-05-09,5,Indie,213267,14.99,2771018.0,14.014176071536836,97,97.0,True,False,6.442639346884825,5.328923659825147,1.1758016328482794,1.1465675695880195,12.99318694406542,2132850,mino_dev,mino_dev
Drug Dealer Simulator 2,2024-06-20,6,Indie,131611,24.99,2766205.0,25.364534425604138,73,73.0,True,False,6.44188436198795,5.119292188971367,1.39776625612645,1.4042268951081158,21.01803800594175,1708850,Movie Games S.A.,Byterunners
Expeditions: A MudRunner Game,2024-03-05,3,AA,75673,39.99,2739562.0,17.571686825136506,55,55.0,True,False,6.437681133554516,4.8789409515917175,1.6019514041335217,1.2448134543629668,36.20263502173827,2477340,Focus Entertainment,Saber Interactive
Millennia,2024-03-26,3,AAA,77085,39.99,2689142.0,49.30417037222121,68,68.0,True,False,6.4296137357257805,4.886969876740854,1.6019514041335217,1.6928836554444204,34.885412207303624,1268590,Paradox Interactive,C Prompt Games
The Lost Village,2024-04-07,4,Indie,312901,11.99,2686565.0,5.463333333333334,0,,False,False,6.429197352554006,5.495406951109722,1.0788191830988487,0.7374576988508367,8.585990457045519,1963040,FunYoo Games,FunYoo Games
Stolen Realm,2024-03-08,3,Indie,181670,19.99,2678385.0,21.723225997502364,88,88.0,True,False,6.4278730041015955,5.259283216189964,1.300812794118117,1.3369243204047878,14.74313315352012,1330000,Burst2Flame Entertainment,Burst2Flame Entertainment
Lost Castle 2,2024-07-24,7,Indie,211121,14.99,2657104.0,12.847294015384946,0,,False,False,6.424408553184153,5.324531434304895,1.1758016328482794,1.1088116632360723,12.58569256492722,2445690,Hunter Studio,Hunter Studio
Mad Island,2024-05-23,5,Indie,155931,19.99,2639042.0,20.123733557370457,94,94.0,True,False,6.4214463020135675,5.19293246407002,1.300812794118117,1.3037085585379387,16.924421699341377,2739590,EmadePlus,EmadePlus
吞食天地2：誕生Reborn,2024-02-16,2,Indie,28202,0.0,2562503.7123580766,239.43979712743936,42,42.0,True,True,6.408664503236673,4.450279908254263,,2.3791963358632455,90.86248182249756,2396910,Chinesegamer,Chinesegamer
Still Wakes the Deep,2024-06-18,6,Indie,90219,34.99,2562417.0,3.234570533404696,90,90.0,True,False,6.4086498069317965,4.9552980090076595,1.5439439424829065,0.5098166258535242,28.402188009177667,1622910,Secret Mode,The Chinese Room
下一站江湖Ⅱ,2024-04-17,4,Indie,136951,24.99,2547970.0,18.75933270283221,72,72.0,True,False,6.406194310275888,5.136565207768486,1.39776625612645,1.27321738582172,18.604975502186917,1606180,白玉京工作室,白玉京工作室
Murders on the Yangtze River,2024-01-30,1,Indie,262661,14.99,2512969.0,8.649804472983394,98,98.0,True,False,6.4001871311664,5.419395593371628,1.1758016328482794,0.9370062904400599,9.567347265105973,1746030,"OMEGAMES STUDIO,NPC Entertainment",OMEGAMES STUDIO
FOUNDRY,2024-05-02,5,AAA,97098,29.99,2465573.0,32.351466509154854,84,84.0,True,False,6.39191786552781,4.987210284512441,1.476976465759527,1.5098939722504057,25.392623946940205,983870,Paradox Interactive,Channel 3 Entertainment
ASTRA: Knights of Veda,2024-04-01,4,Indie,168093,0.0,2460116.0,50.12468120096058,42,42.0,True,True,6.3909555855473466,5.2255496282242895,,1.7000516234715515,14.635445854378233,2484250,HYBE IM,FLINT
Pax Dei,2024-06-18,6,Indie,68881,39.99,2451023.0,69.21122935169132,74,74.0,True,False,6.389347386619772,4.838099443488127,1.6019514041335217,1.8401765633848706,35.583441006954025,1995520,"Mainframe Industries,New Tales",Mainframe Industries
CarX Street,2024-08-29,8,Indie,136133,19.99,2449168.0,7.853044831749314,60,60.0,True,False,6.38901857645608,5.133963415289203,1.300812794118117,0.8950380767756086,17.990994101356762,1114150,"CarX Technologies, LLC","CarX Technologies, LLC"
Cultivation Tales,2024-04-17,4,Indie,201079,19.99,2443731.0,60.02369541089477,37,37.0,True,False,6.3880533981149865,5.303366716741229,1.300812794118117,1.7783227296285793,12.153089084389718,1504570,Ac Games,Ac Games
New Cycle,2024-01-18,1,AA,106400,29.99,2442964.0,10.627153230165622,80,80.0,True,False,6.387917067171331,5.0269416279590295,1.476976465759527,1.0264169426033931,22.960187969924814,2198510,Daedalic Entertainment,Core Engage
The Genesis Order,2024-04-02,4,Indie,173321,14.99,2346551.0,18.6095826363562,0,,False,False,6.370429997618568,5.238851186092946,1.1758016328482794,1.2697366331651565,13.538757565442156,2553870,NLT Media,NLT Media
Killer Klowns from Outer Space: The Game,2024-06-04,6,Indie,64300,39.99,2314221.0,21.16766952023593,78,78.0,True,False,6.364404830198065,4.808210972924222,1.6019514041335217,1.3256730464835285,35.99099533437014,1556100,IllFonic Publishing,"IllFonic,Teravision Games"
TopSpin 2K25,2024-04-25,4,Indie,45454,59.99,2299213.0,17.322994898766265,49,49.0,True,False,6.361579206345258,4.657572107612742,1.778078861937455,1.2386229774947282,50.583292999516,1785650,2K Games,Hangar 13
SOUTH PARK: SNOW DAY!,2024-03-26,3,AA,83739,29.99,2265184.0,4.835970573387596,53,53.0,True,False,6.355103485350637,4.92292777029924,1.476976465759527,0.6844836495389679,27.05052603924097,1214650,THQ Nordic,Question
Rail Route,2024-02-22,2,Indie,139096,24.99,2255205.0,20.786639916873984,92,92.0,True,False,6.3531860257360195,5.143314641114221,1.39776625612645,1.317784292915094,16.21329872893541,1124180,Bitrich.info,Bitrich.info
UNDER NIGHT IN-BIRTH II Sys:Celes,2024-01-24,1,AA,56781,49.99,2247373.0,32.03274584538905,82,82.0,True,False,6.3516751589335865,4.7542030368453085,1.6988831367525903,1.5055941679609934,39.57966573325584,2076010,Arc System Works,"FRENCH-BREAD,Arc System Works"
Jujutsu Kaisen Cursed Clash,2024-02-01,2,AA,42729,59.99,2207967.0,11.63491680640775,55,55.0,True,False,6.343992578194388,4.630722729008074,1.778078861937455,1.0657632822813463,51.6737344660535,1877020,Bandai Namco Entertainment Inc.,Byking Inc.
Atelier Resleriana: Forgotten Alchemy and the Polar Night Liberator,2024-01-24,1,Indie,137669,0.0,2197863.0,37.10854335586316,53,53.0,True,True,6.342000617933539,5.138836157797781,,1.5694739070589225,15.964835947090483,2594920,KOEI TECMO GAMES,"KOEI TECMO GAMES,Akatsuki Games Inc."
BUNNY GARDEN,2024-04-18,4,Indie,102708,24.99,2172825.0,5.88196947795539,94,94.0,True,False,6.3370247495166385,5.011604272424363,1.39776625612645,0.7695227665855452,21.155362776025235,2654470,qureate,qureate
Depersonalization,2024-08-08,8,AA,164038,19.99,2159417.0,8.589737121444603,94,94.0,True,False,6.334336516031244,5.214944465600458,1.300812794118117,0.9339798729752505,13.16412660481108,1477070,Gamera Games,MeowNature
Gladiator Guild Manager,2024-06-22,6,Indie,288820,14.99,2112751.0,6.271641034677983,83,83.0,True,False,6.324848315936285,5.460627263651389,1.1758016328482794,0.7973811929927193,7.315113219306142,1043260,"GrabTheGames,Gamera Games,UpgradePoint",Entertainment Forge
PANICORE,2024-05-31,5,Indie,485121,4.99,2094731.0,4.136291829591577,79,79.0,True,False,6.3211282598958665,5.685850074846058,0.69810054562339,0.6166111721338073,4.317955726509469,2695940,ZTEK Studio,ZTEK Studio
Terminator: Dark Fate - Defiance,2024-02-21,2,AA,59124,39.99,2060085.0,27.542340994676504,79,79.0,True,False,6.313885139917399,4.771763808322534,1.6019514041335217,1.4400008508759494,34.84346458291049,1839950,Slitherine Ltd.,Slitherine Ltd.
Sword of Convallaria,2024-07-31,7,Indie,236805,0.0,2044690.0,24.98715681366647,73,73.0,True,True,6.310627472981626,5.374390868023368,,1.3977168423456057,8.634488292054645,2526380,XD,XD
Goat Simulator 3,2024-02-15,2,AA,140967,29.99,2033656.0,16.64641648994527,97,97.0,True,False,6.3082774923740415,5.1491174573697025,1.476976465759527,1.2213207563922197,14.426468606127676,850190,Coffee Stain Publishing,Coffee Stain North
Third Crisis,2024-05-19,5,Indie,116466,24.99,2002691.0,11.262251560361456,95,95.0,True,False,6.301613946124747,5.0661991599757625,1.39776625612645,1.0516252237736532,17.195499115621725,1260820,Anduo Games,Anduo Games
Taxi Life: A City Driving Simulator,2024-03-07,3,AA,77813,29.99,1998591.0,8.299960397722103,56,56.0,True,False,6.3007239273762625,4.891052159414138,1.476976465759527,0.9190760201963398,25.684538573246115,1351240,Nacon,Simteract
The Casting of Frank Stone™,2024-09-03,9,AA,54672,39.99,1967699.0,4.249148340961347,63,63.0,True,False,6.293958664909906,4.737764961454688,1.6019514041335217,0.6283018929008585,35.99098258706468,2223840,Behaviour Interactive Inc.,Supermassive Games
"Knowledge, or know Lady",2024-03-28,3,Indie,409646,6.99,1945765.0,6.768113464360378,96,96.0,True,False,6.289090387131663,5.612408718535317,0.8444771757456814,0.8304676308425141,4.749869399432681,2786680,蒸汽满满工作室,蒸汽满满工作室
Survival: Fountain of Youth,2024-05-21,5,Indie,98313,27.99,1913709.0,40.650295048620855,88,88.0,True,False,6.281875899322516,4.9926109487067265,1.4470028984661623,1.6090637021446725,19.465472521436634,1967630,"Twin Sails Interactive,CE-Asia",Odinsoft Inc.
The Crew Motorfest,2024-04-18,4,AAA,56044,69.99,1902618.0,18.217623809575706,59,59.0,True,False,6.279351601137577,4.748529124399832,1.845035993513415,1.2604917297342437,33.94864749125687,2698940,Ubisoft,Ubisoft Ivory Tower
Crime Boss: Rockay City,2024-06-18,6,AA,127004,19.99,1900409.0,18.96476807453572,73,73.0,True,False,6.278847078493685,5.1038173993069105,1.300812794118117,1.2779475359623402,14.963379106169883,2933080,505 Games,INGAME STUDIOS
Alone in the Dark,2024-03-20,3,AA,45547,59.99,1898159.0,7.624716562984021,78,78.0,True,False,6.278332588455038,4.658459776998312,1.778078861937455,0.8822237040949003,41.67473159593387,1310410,THQ Nordic,Pieces Interactive
April 24th,2024-04-23,4,Indie,13978,4.99,58819.0,0.7359780707779322,85,85.0,True,False,4.769517636659088,4.145445036137805,0.69810054562339,-0.13313512571959335,4.207969666618973,2907190,EMIKA_GAMES,NOBODY
LipTrip ~My Boss Is My Heat Suppressant?!~,2024-04-14,4,Indie,6572,10.99,58776.0,2.229134939512905,83,83.0,True,False,4.76920002683632,3.8176975547630243,1.0409976924234905,0.3481363590643759,8.943396226415095,2793290,"HUBLOTS,LoveStoryProject",SukeraSomero
Drive Me Crazy,2024-07-12,7,Indie,5626,12.99,58736.0,6.719917339222743,74,74.0,True,False,4.768904367159911,3.750199727829182,1.113609151073028,0.8273639308901011,10.440099537859936,2918550,Tenth Art Studio,wwqk Studio
Star Trek Legends,2024-09-02,9,Indie,3937,19.99,58487.0,34.51471767361909,69,69.0,True,False,4.767059345472403,3.5951654147902294,1.300812794118117,1.5380043252604452,14.855727711455422,2765460,Tilting Point,Emerald City Games
Pricolage -IDOLIZED-,2024-02-19,2,Indie,9030,7.99,58380.0,1.129631019169127,74,74.0,True,False,4.766264090651996,3.9556877503135057,0.9025467793139914,0.052936609406226506,6.465116279069767,2510890,Annulus,HIJIKI
Beauties! They're All After Me,2024-06-21,6,Indie,9004,8.99,58249.0,11.781097157141604,91,91.0,True,False,4.765288473934798,3.9544354863284825,0.9537596917332288,1.0711857375736888,6.469235895157707,2873760,Beauties! They're All After Me,Beauties! They're All After Me
PegIdle,2024-06-19,6,Indie,14308,4.99,58248.0,43.43774505157989,79,79.0,True,False,4.765281018043541,4.155578931476932,0.69810054562339,1.637867271988836,4.071009225608052,2821890,EagleEye Games,EagleEye Games
Bulletstorm VR,2024-01-18,1,Indie,1677,39.99,58243.0,1.5560455601858747,42,42.0,True,False,4.765243736667111,3.2245330626060857,1.6019514041335217,0.19202230875112988,34.73047107930829,2451320,People Can Fly,Incuvo
DIRECT CONTACT,2024-02-29,2,Indie,3373,19.99,58027.0,6.3026994607693485,32,32.0,True,False,4.763630118089522,3.5280163411892014,1.300812794118117,0.7995265986310331,17.20337978061073,2084450,Mountain 81,Mountain 81
Leap Year,2024-06-13,6,Indie,12917,4.99,58010.0,1.801851040328595,99,99.0,True,False,4.763502865467597,4.111161659577588,0.69810054562339,0.2557188848465325,4.490980877912828,2951770,"Daniel Linssen,Sokpop Collective",Daniel Linssen
Alice in the Nightmare Land,2024-06-07,6,Indie,5522,12.99,57974.0,3.1800400261125,87,87.0,True,False,4.763233266180616,3.7420964023032446,1.113609151073028,0.5024325863399021,10.498732343353858,2583430,OTAKU Plan,Tsukki's Tea Party
Dungeon Keeper Gold™,2024-03-07,3,AAA,30374,4.99,57919.0,9.718970792205097,95,95.0,True,False,4.762821054946151,4.482501988610288,0.69810054562339,0.9876202769703016,1.9068611312306576,1996630,Electronic Arts,Bullfrog Productions
Yolk Heroes: A Long Tamago,2024-05-20,5,Indie,8825,7.99,57880.0,39.328561198480905,96,96.0,True,False,4.762528522447,3.9457147140598603,0.9025467793139914,1.5947080584110127,6.558640226628895,2417850,"14 Hours Productions,Astrolabe Games",14 Hours Productions
女神保卫战,2024-05-24,5,Indie,7096,9.99,57683.0,5.124420630852716,75,75.0,True,False,4.761047839255837,3.85101360682367,0.9995654882259823,0.7096447709869009,8.128945885005637,2933180,我的同居女神竟是小姨子,我的同居女神竟是小姨子
子归 - Blossom,2024-07-18,7,Indie,9933,7.99,57614.0,4.020366092234975,0,,False,False,4.760528028283673,3.9970804354717306,0.9025467793139914,0.6042656014920434,5.800261753750126,2579280,糯米团子工作室,糯米团子工作室
Leaving DNA,2024-03-07,3,Indie,6061,11.99,57464.0,5.139572696455877,87,87.0,True,False,4.759395853425243,3.7825442840100103,1.0788191830988487,0.7109270132977148,9.480943738656988,2415240,The Impious Monk,The Impious Monk
Morimens,2024-08-01,8,Indie,15770,0.0,57436.540278163455,13.384947274205794,63,63.0,True,True,4.759188272053277,4.197831693328903,,1.1266166647596658,3.6421395230287534,3052450,B.I.A.V. Studio,B.I.A.V. Studio
Haunted House,2024-01-10,1,Indie,11008,8.99,57387.0,4.04629417359116,85,85.0,True,False,4.7588135218806,4.041708420891436,0.9537596917332288,0.6070574536505845,5.213208575581396,2376540,Genuine Studio,Genuine Studio
Crawling Lab,2024-06-16,6,Indie,13940,4.99,57371.0,7.859513090811096,83,83.0,True,False,4.758692419878901,4.144262773761991,0.69810054562339,0.8953956416470422,4.115566714490674,2637070,eTIRUe,eTIRUe
KAMITSUBAKI CITY ENSEMBLE,2024-08-28,8,Indie,17421,3.99,57163.0,3.618618537414159,62,62.0,True,False,4.7571150131430135,4.241073080752987,0.6009728956867483,0.55854280365868,3.281269731932725,2581050,"KAMITSUBAKI STUDIO,Studio Lalala","KAMITSUBAKI STUDIO,Studio Lalala"
Commando Collection,2024-07-26,7,Indie,13988,4.99,57114.0,2.195678782003565,99,99.0,True,False,4.756742577203719,4.145755623637207,0.69810054562339,0.34156880508261267,4.083071203889047,3059010,Macrojoy,Macrojoy
Story Of Eve 2,2024-04-25,4,Indie,6937,9.99,57000.0,2.441362377180889,82,82.0,True,False,4.7558748556724915,3.841171694499532,0.9995654882259823,0.3876322475570597,8.216808418624765,1959520,"Mango Party,Mango Party News",SmallSqurriel
Incubus Quest,2024-01-12,1,Indie,4931,14.99,56928.0,3.984279687862555,79,79.0,True,False,4.755325926403831,3.692935002531138,1.1758016328482794,0.6003498173600712,11.544919894544718,2429890,Kagura Games,SweetRaspberry
Mashiroiro Symphony HD -Sana Edition-,2024-05-01,5,Indie,3374,29.99,56826.0,15.587132012446787,88,88.0,True,False,4.754547086995523,3.5281450782531065,1.476976465759527,1.1927662136012587,16.842323651452283,2737980,Shiravune,Palette
"Magical Mic Duel: Senpai, Hear My Spell",2024-05-23,5,Indie,12868,6.99,56611.0,0.6995787387464362,92,92.0,True,False,4.752900826508796,4.109511052229932,0.8444771757456814,-0.15516339785747185,4.399362760335716,2696400,ReLU Games,ReLU Games
EXIT KUN,2024-02-04,2,Indie,31148,2.99,56542.0,1.6875465233684876,85,85.0,True,False,4.752371166261774,4.493430166024111,0.4756711883244297,0.22725575457784838,1.8152690381404903,2781370,AIKUN,"IKUN&KUN,AIKUN"
Space industrial empire,2024-05-24,5,Indie,12991,5.99,56264.0,185.925273584738,83,83.0,True,False,4.75023060440535,4.11364258277174,0.7774268223893114,2.269338429214273,4.330998383496267,2423620,游戏养家工作室,游戏养家工作室
Flock,2024-07-16,7,AA,3422,19.99,56222.0,5.0648597179177,95,95.0,True,False,4.749906290818102,3.5342800052050816,1.300812794118117,0.7045674211517876,16.429573348918762,1472930,Annapurna Interactive,"Hollow Ponds,Richard Hogg"
USC: Counterforce,2024-07-18,7,Indie,4557,19.99,56116.0,12.624011194681223,76,76.0,True,False,4.749086706550194,3.6586790285824486,1.300812794118117,1.1011973709878202,12.314241825762563,1574870,Firesquid,"Angry Cat Studios,Creatio 49"
Rack and Slay,2024-05-27,5,Indie,11532,5.99,56109.0,9.014412644766326,94,94.0,True,False,4.7490325285795585,4.06190463371617,0.7774268223893114,0.9549374345030068,4.8655046826222685,2311990,2 Left Thumbs,Ludokultur
Gordian Rooms 2: A curious island,2024-01-19,1,Indie,2891,24.99,56094.0,14.573450988254375,74,74.0,True,False,4.748916410164411,3.4610480916706576,1.39776625612645,1.1635624047343558,19.402974749221723,1528220,Crimsonite Games,Crimsonite Games
Honeymoon : Mystery Journey,2024-04-04,4,Indie,6849,9.99,56018.0,1.613685089483286,86,86.0,True,False,4.7483275992310485,3.8356271662098975,0.9995654882259823,0.20781878612114066,8.179004234194773,2483970,"Mango Party,Mango Party News",Gentleman.LTD
Hauntii,2024-05-23,5,Indie,3825,19.99,55934.0,5.999272463046797,90,90.0,True,False,4.747675878076878,3.5826314394896364,1.300812794118117,0.7780985863099646,14.623267973856208,2060790,Firestoke,Moonloop Games
Arranger: A Role-Puzzling Adventure,2024-07-25,7,Indie,3400,19.99,55837.0,3.963704938583484,95,95.0,True,False,4.746922076548385,3.531478917042255,1.300812794118117,0.5981013177823468,16.42264705882353,2596420,Furniture & Mattress LLC,Furniture & Mattress LLC
Secrets of the Heartbeat,2024-06-07,6,Indie,13018,9.99,55727.0,2.6283030530483527,89,89.0,True,False,4.746065663933381,4.114544267205864,0.9995654882259823,0.4196754395325401,4.280765094484559,2774190,RainbowGame,RainbowGame
"Kingdom, Dungeon, and Hero",2024-07-01,7,Indie,2158,29.99,55543.0,13.419890616501409,84,84.0,True,False,4.7446293332511,3.334051440346892,1.476976465759527,1.1277489759787669,25.738183503243743,2572400,Kraken Studios,Kraken Studios
ReRoad,2024-06-26,6,Indie,4185,14.99,55440.0,5.11095355691673,78,78.0,True,False,4.74382322160375,3.6216954623292787,1.1758016328482794,0.7085019345521009,13.24731182795699,1304130,Rabbithole Games,Rabbithole Games
Petit Game Collection vol.1,2024-01-19,1,Indie,11241,7.99,55429.0,2.975158869813168,0,,False,False,4.743737043513994,4.05080494781346,0.9025467793139914,0.4735101614733109,4.930966995818878,2757490,WSS playground,WSS playground
Nie No Hakoniwa - Dollhouse of Offerings,2024-02-15,2,Indie,2185,29.99,55324.0,9.778930254944072,78,78.0,True,False,4.742913572650685,3.3394514413064407,1.476976465759527,0.9902913486746147,25.31990846681922,2527450,Sekai Project,Chatte Noire
Mimic Logic,2024-02-22,2,Indie,15387,3.99,55254.0,9.843984440009253,99,99.0,True,False,4.742363723353463,4.187153953785416,0.6009728956867483,0.9931709185594666,3.5909534022226555,2455920,Nihohe Soft,Nihohe Soft
Body Pay,2024-04-19,4,Indie,8417,7.99,55093.0,1.4329818666749834,77,77.0,True,False,4.741096421819171,3.9251573271758984,0.9025467793139914,0.15624069475685565,6.545443744802186,2909170,Cheese Burger Studio,Cheese Burger Studio
COLLEGE SEX FEST 2024,2024-05-02,5,Indie,6723,12.99,54904.0,1.967925174231157,62,62.0,True,False,4.739603985882615,3.8275631112547237,1.113609151073028,0.29400858137362296,8.166592295106351,2842860,Inturo Games Inc.,Inturo Games Inc.
Human Farm - Practice Section,2024-03-08,3,Indie,10095,6.99,54805.0,2.104899164154087,86,86.0,True,False,4.738820182085683,4.004106323279658,0.8444771757456814,0.3232312956584392,5.428925210500248,2516590,072 Project,とっくり海月
YUME 4,2024-01-12,1,Indie,18572,4.99,54457.0,1.2250755579041477,78,78.0,True,False,4.736053712668056,4.268858674994137,0.69810054562339,0.08816287512412915,2.932209778160672,2602730,Lovely Games,Lust Desires 🖤
PERFECT CELLS PROJECT,2024-07-31,7,Indie,6494,9.99,54356.0,1.957793964661488,81,81.0,True,False,4.735247489969129,3.8125122842899826,0.9995654882259823,0.2917669853635441,8.370187865722205,2688650,Playmeow,ShinshiMoustache
Sex Euphoria 💖,2024-02-03,2,Indie,8232,9.99,54348.0,1.6484623283506317,74,74.0,True,False,4.735183566730582,3.9155053617543767,0.9995654882259823,0.21707902683471658,6.6020408163265305,2740180,Romantic Room,Romantic Room
Feed the Deep,2024-08-16,8,Indie,9909,6.99,54316.0,3.405209908163857,94,94.0,True,False,4.734927779647046,3.9960298284110767,0.8444771757456814,0.5321438883919619,5.481481481481482,2332260,Luke Muscat,Luke Muscat
Lifecraft,2024-04-16,4,Indie,2832,22.99,54293.0,9.238948160822265,83,83.0,True,False,4.7347438395825385,3.4520932490177314,1.361538971269279,0.9656225303160836,19.171257062146893,1839930,Pixbits,Pixbits
Valiant Hearts: Coming Home,2024-05-24,5,AAA,4242,14.99,54185.0,1.9642139752926429,66,66.0,True,False,4.733879077703767,3.627570664180543,1.1758016328482794,0.2931887967029761,12.773455917020271,2741360,Ubisoft,"Ubisoft Da Nang,Ubisoft Montpellier"
RKGK / Rakugaki,2024-05-22,5,Indie,3298,19.99,54015.0,3.516789972301656,77,77.0,True,False,4.7325143804269665,3.5182506513085,1.300812794118117,0.5461464324073336,16.37810794420861,2146570,Wabisabi Games,Wabisabi Games
Chill Town,2024-03-22,3,Indie,4474,14.99,53847.0,8.455069857008738,72,72.0,True,False,4.731161512281371,3.6506959797606107,1.1758016328482794,0.9271172001523397,12.03553866785874,1940200,Low-Hi Tech,Low-Hi Tech
Werewolf: The Apocalypse — The Book of Hungry Names,2024-04-25,4,Indie,3708,19.99,53836.0,20.21555010926772,89,89.0,True,False,4.731072784453997,3.5691397254724593,1.300812794118117,1.3056855639318135,14.518878101402374,2402280,Choice of Games,Choice of Games
"美女,应接不暇",2024-05-14,5,Indie,8294,9.99,53711.0,4.90755358007216,89,89.0,True,False,4.730063238214989,3.918764031027999,0.9995654882259823,0.6908650498721766,6.475886182782735,2753730,筠悦游戏,筠悦游戏
Heroes of Eternal Quest,2024-01-23,1,Indie,5554,11.99,53606.0,5.211472233432033,79,79.0,True,False,4.729213402025926,3.744605875414239,1.0788191830988487,0.7169604282006243,9.651782499099747,2234200,Surefire.Games,Drakkar Game Studio
Coin Pusher Casino,2024-02-29,2,Indie,5712,12.45,53577.0,20.55373358458625,90,90.0,True,False,4.728978391991078,3.7567881987681178,1.095169351431755,1.312890722947084,9.379726890756302,2178590,TreeNutsGames,TreeNutsGames
Lunar's Chosen - Episode 1,2024-03-21,3,Indie,6065,11.99,53520.0,17.04048723468547,89,89.0,True,False,4.728516104759767,3.782830805202592,1.0788191830988487,1.2314820082892552,8.824402308326464,1695680,PTGames,PTGames
Love Chase,2024-05-20,5,Indie,11298,5.99,53201.0,5.78766925311464,88,88.0,True,False,4.725919795648436,4.053001570400308,0.7774268223893114,0.7625037046081143,4.708886528589131,2812850,Topgame,Topgame
Ocean Keeper: Dome Survival,2024-07-18,7,Indie,8573,7.99,53194.0,3.3624747089534006,87,87.0,True,False,4.725862648952112,3.9331328237267345,0.9025467793139914,0.526659026451866,6.204829114662312,2845630,RetroStyle Games,RetroStyle Games
Innocent Grape,2024-06-21,6,Indie,9419,6.99,53093.0,1.263656828427289,86,86.0,True,False,4.725037265680873,3.9740047968974146,0.8444771757456814,0.1016291485067939,5.636797961567045,2924050,TopHouse Publishing,"TopHouse Studio,Abel Games"
The Land Beneath Us,2024-05-13,5,Indie,4863,14.99,53038.0,7.226468390806144,83,83.0,True,False,4.724587138976273,3.6869042695681773,1.1758016328482794,0.8589261073773008,10.90643635615875,2131010,"Dear Villagers,Gamera Games",FairPlay Studios Co. Ltd
KUNKUN Defender,2024-05-02,5,Indie,24898,2.99,52877.0,2.503987080889346,98,98.0,True,False,4.723266807286872,4.396164462603818,0.4756711883244297,0.3986320838383353,2.123744879106756,2902540,Seal,Seal
Sex Magic 🔮,2024-02-24,2,Indie,8640,9.99,52803.0,1.5494840840141335,74,74.0,True,False,4.7226585976556565,3.936513742478893,0.9995654882259823,0.1901871196134843,6.111458333333333,2800520,Lust Desires 🖤,Lust Desires 🖤
My Horse: Bonded Spirits,2024-06-19,6,Indie,3457,19.99,52635.0,3.1240758472671737,57,57.0,True,False,4.721274627271088,3.5386993795424067,1.300812794118117,0.4947215692672773,15.22562915822968,2376970,"Games Incubator,PlayWay S.A.",Games Incubator
Suzukuri Dungeon: Karin in the Mountain,2024-08-20,8,Indie,2908,24.99,52578.0,7.88879147866267,80,80.0,True,False,4.720804062076856,3.463594402187,1.39776625612645,0.8970104766760288,18.080467675378262,1552140,Shiravune,Karin Project
BAKERU,2024-09-03,9,AA,1611,39.99,52181.0,3.104794863653244,97,97.0,True,False,4.717512397691003,3.207095540419218,1.6019514041335217,0.4920329112673558,32.39044072004966,2969380,"Spike Chunsoft Co., Ltd.","Good-Feel Co., Ltd."
Cricket Captain 2024,2024-06-06,6,Indie,1932,29.99,52146.0,34.64194315756216,71,71.0,True,False,4.717221000307068,3.2860071220794747,1.476976465759527,1.539602244746519,26.990683229813666,2900670,Childish Things Ltd,Childish Things Ltd
The Last Alchemist,2024-07-12,7,Indie,3193,19.99,51994.0,5.495677661356906,82,82.0,True,False,4.715953229841805,3.504198918539445,1.300812794118117,0.7400212520719922,16.28374569370498,1536570,Marvelous Europe,Vile Monarch
Single By Choice,2024-06-23,6,Indie,7910,7.99,51747.0,2.2513127333238527,93,93.0,True,False,4.713885176907469,3.8981764834976764,0.9025467793139914,0.3524358277073396,6.54197218710493,2812180,"LewdLoco,AIROTS","AIROTS,非魚創意"
Demonsomnia,2024-08-13,8,Indie,4813,13.99,51562.0,1.2559833898863375,32,32.0,True,False,4.712329754533151,3.6824158616773586,1.1458177144918276,0.09898389598684063,10.713068772075628,2506820,Woziva,Woziva
Sophia the Traveler,2024-04-11,4,Indie,7069,8.99,51514.0,2.18323889731405,90,90.0,True,False,4.711925273632879,3.849357981661299,0.9537596917332288,0.33910126026644216,7.287310793605885,1602540,Thermite Games,Memo Gogo
Thought Experiment Simulator,2024-07-22,7,AA,12613,4.99,51396.0,1.4312099535342595,86,86.0,True,False,4.710929320444194,4.100818395731537,0.69810054562339,0.15570334792682125,4.074843415523666,2696320,Gamera Games,HoHo Game Studio
Hotel Business Simulator,2024-06-04,6,Indie,5597,12.99,51368.0,8.127616664306808,50,50.0,True,False,4.710692656908439,3.74795530690673,1.113609151073028,0.9099632121024669,9.17777380739682,2738870,Midnight Games,Geekon
We Are Lost,2024-02-20,2,Indie,8863,9.99,51305.0,2.226043906490635,72,72.0,True,False,4.71015969194601,3.9475807493043225,0.9995654882259823,0.3475337261076515,5.788672007221031,2431690,MaDDoG,MaDDoG
Fate and Life: The Mystery of Vaulinhorn,2024-04-05,4,Indie,5595,11.99,51279.0,4.576615510778872,80,80.0,True,False,4.709939547347023,3.7478000908643687,1.0788191830988487,0.66054442814478,9.16514745308311,2549200,Celestial Novel,Celestial Novel
California Swingers Club - Season 1: Sea Swap,2024-03-13,3,Indie,7135,9.99,51169.0,1.2747399147093406,59,59.0,True,False,4.709006929602064,3.853393977450666,0.9995654882259823,0.10542158466900074,7.171548703573931,2804310,Swingers Club,Swingers Club
Pixel Art Academy: Learn Mode,2024-08-05,8,Indie,5114,12.0,51096.0,3.4372901467593326,97,97.0,True,False,4.708386903149929,3.708760723690317,1.0791812460476249,0.5362161931258961,9.991396167383654,2330360,Retronator,Matej 'Retro' Jan
My Shameless StepMom,2024-05-18,5,Indie,9167,9.99,51051.0,1.510390495129179,71,71.0,True,False,4.708004253577255,3.962227231350085,0.9995654882259823,0.17908924395218148,5.568997491000327,2889290,Lust Desires 🖤,Lust Desires 🖤
Between Horizons,2024-03-25,3,Indie,4113,15.99,50813.0,4.525920436429165,92,92.0,True,False,4.705974836417554,3.614158709509175,1.2038484637462348,0.6557069149913359,12.354242645271093,1921980,Assemble Entertainment,DigiTales Interactive
Colonize,2024-02-15,2,Indie,3988,15.99,50645.0,6.1006650249422725,45,45.0,True,False,4.704536575469313,3.600755149639618,1.2038484637462348,0.7853771794239531,12.699348044132398,1573590,CreativeForge Games,Rembrosoft
The Crimson Diamond,2024-08-15,8,Indie,3957,14.99,50297.0,6.760505785526912,99,99.0,True,False,4.701542082028082,3.597366050266028,1.1758016328482794,0.829979188788716,12.710892089967146,1098770,Julia Minamata,Julia Minamata
Inverted Angel,2024-07-05,7,Indie,9298,6.99,50253.0,5.270591232140886,90,90.0,True,False,4.701161993347356,3.9683895418470683,0.8444771757456814,0.721859335222824,5.404710690471069,2894960,SCIKA,SCIKA
Regency Solitaire II,2024-02-22,2,Indie,4177,14.99,50242.0,8.382209675769408,98,98.0,True,False,4.7010669191780945,3.620864475265121,1.1758016328482794,0.9233585202404545,12.028249940148433,2137470,Grey Alien Games,Grey Alien Games
南栀 Unwavering love,2024-02-28,2,Indie,9559,8.99,50240.0,5.145861173504191,0,,False,False,4.701049630729139,3.9804124616068917,0.9537596917332288,0.7114580655132033,5.255779893294278,2712580,白露社,白露社
My MILF Stepmom 2: Family Party💋,2024-04-04,4,Indie,8883,6.99,50102.0,1.854529343715712,80,80.0,True,False,4.699855062626271,3.948559662108962,0.8444771757456814,0.2682337094430009,5.64021164021164,2694600,DuaWolf Studio,DuaWolf
Xanadu Land,2024-01-17,1,Indie,26815,0.0,49957.0,14.049678382618964,82,82.0,True,True,4.698596350387344,4.428377801299087,,1.1476663827284612,1.863024426626888,2258890,whiteisle Studio,whiteisle Studio
PC Tycoon 2,2024-03-28,3,Indie,7036,7.99,49651.0,7.007896529641118,80,80.0,True,False,4.695927999862787,3.8473258307854237,0.9025467793139914,0.8455876809257717,7.0567083570210345,2832320,Insignis Games,Insignis Games
Creepy Tale: Some Other Place,2024-05-30,5,Indie,6347,9.99,49590.0,2.7667740390690607,0,,False,False,4.69539410829111,3.8025684983139563,0.9995654882259823,0.4419736919950966,7.813140066172995,2476100,Creepy Brothers,Creepy Brothers
混沌战域,2024-05-09,5,Indie,19862,0.0,49428.0,6.1341746240734505,75,75.0,True,True,4.693973038004042,4.2980229775546865,,0.7877561350621884,2.488571140872017,2936360,XQ-game,XQ-game
Redemption of Li Wei,2024-04-11,4,Indie,9601,6.99,49239.0,0.9969888684520324,54,54.0,True,False,4.692309224216794,3.982316469692065,0.8444771757456814,-0.0013096906320208617,5.128528278304343,2873820,救赎,"救赎,Avator"
Mika and The Witch's Mountain,2024-08-21,8,Indie,3038,19.99,49191.0,3.354944445221463,96,96.0,True,False,4.691885651387701,3.4825877695267677,1.300812794118117,0.5256853330494156,16.191902567478603,1819460,Chibig,"Chibig,Nukefist"
Wantless : Solace at World’s End,2024-05-16,5,Indie,4026,17.99,49173.0,22.30725574731829,92,92.0,True,False,4.691726705009727,3.604873770552636,1.2550311633455513,1.3484461463886135,12.213859910581222,1807090,Twin Sails Interactive,Drop Rate Studio
Dragon Eclipse,2024-06-24,6,Indie,4688,12.99,49153.0,3.968593702469445,77,77.0,True,False,4.691550029669372,3.670987603010034,1.113609151073028,0.5986366388901107,10.48485494880546,2626860,Awaken Realms,Fardust
BATTLE CRUSH,2024-06-26,6,Indie,62503,0.0,49147.0,16.5554219119682,49,49.0,True,True,4.691497013048932,4.7959008629789155,,1.2189402531463642,0.786314256915668,2287920,NCSOFT Corporation,NCSOFT Corporation
Hilda and the tower of Lust,2024-04-19,4,Indie,4014,15.99,49054.0,1.7791082839865036,83,83.0,True,False,4.69067442674346,3.6035773681514667,1.2038484637462348,0.25020238187068927,12.22072745391131,2551290,072 Project,キラ☆タマ
Director Simulator,2024-07-26,7,Indie,5036,12.99,49036.0,6.508198725287025,0,,False,False,4.690515036372128,3.702085721435825,1.113609151073028,0.8134608054783902,9.737092930897536,2803060,GOLDEN AGE,GOLDEN AGE
Plane Accident,2024-02-20,2,Indie,5489,11.99,49026.0,1.9297327606821149,70,70.0,True,False,4.690426460882456,3.739493230781615,1.0788191830988487,0.2854971698383096,8.931681544907997,1682340,"Duality Games,HeartBeat Games","White Pig Games,Spirit Games Studio"
Geneforge 2 - Infestation,2024-03-27,3,Indie,3048,19.99,49010.0,24.31174294563878,99,99.0,True,False,4.6902847025126295,3.4840149626675627,1.300812794118117,1.3858160951880099,16.079396325459317,2480560,Spiderweb Software,Spiderweb Software
"Ready, Steady, Ship!",2024-04-19,4,Indie,4620,14.99,48929.0,3.1407686348423383,76,76.0,True,False,4.6895663398367855,3.6646419755561257,1.1758016328482794,0.49703594521348554,10.59069264069264,2225610,"Untold Tales,Gamersky Games",Jollybits Games
The Fancy Pants Adventures: Classic Pack,2024-02-18,2,Indie,6308,9.99,48853.0,2.7194622738017378,94,94.0,True,False,4.68889123834017,3.799891684656865,0.9995654882259823,0.43448303836965846,7.744610019023463,1668460,2 Left Thumbs,Borne Games
Chushpan Simulator,2024-02-01,2,Indie,47089,1.99,48823.0,1.344691514321377,84,84.0,True,False,4.688624461754994,4.672919467697059,0.29885307640970665,0.1286226642683583,1.036823886682665,2755330,Sebasa Games,Sebasa Games
The Star Named EOS,2024-07-22,7,AA,4088,14.99,48781.0,2.031529811428624,98,98.0,True,False,4.688250699012365,3.611510887126656,1.1758016328482794,0.3078231997089254,11.932729941291583,1619230,PLAYISM,Silver Lining Studio
Akimbot,2024-08-29,8,Indie,2972,19.99,48668.0,4.851068204451029,89,89.0,True,False,4.687243499380741,3.4730488050885375,1.300812794118117,0.6858373807090347,16.37550471063257,1843540,PLAION,Evil Raptor
Sex College 🔞,2024-03-23,3,Indie,6811,9.99,48572.0,4.650505722876416,75,75.0,True,False,4.686385986344789,3.833210880282609,0.9995654882259823,0.6675001831506217,7.131405080017618,2820590,Lust Desires 🖤,Lust Desires 🖤
Hero Emblems II,2024-08-05,8,Indie,4958,11.99,48495.0,11.237179230279276,57,57.0,True,False,4.685696963667238,3.6953065224318027,1.0788191830988487,1.0506573078106545,9.7811617587737,2417940,HeatPot Games,HeatPot Games
Island of Penance,2024-04-12,4,Indie,5107,12.99,48490.0,2.679548204994835,58,58.0,True,False,4.685652184115525,3.70816585785554,1.113609151073028,0.42806157439509784,9.494811043665557,1287130,Kagura Games,ONEONE1
ダンジョンアーティファクト,2024-04-03,4,Indie,6339,9.99,48382.0,10.618725788107303,95,95.0,True,False,4.6846838171265395,3.802020751771976,0.9995654882259823,1.0260724059738382,7.632434137876636,2144220,ExertionGame,いとこん
RUMBLE BLAZING,2024-08-02,8,Indie,2468,24.99,48303.0,2.4797438578385345,74,74.0,True,False,4.68397410472636,3.392345155361204,1.39776625612645,0.39440682321639015,19.571717990275527,2827610,Nekonomeme,Nekonomeme
CATO: Buttered Cat,2024-09-05,9,Indie,5423,10.99,48270.0,2.413951122043976,99,99.0,True,False,4.683677298818692,3.734239604435455,1.0409976924234905,0.38272847220644474,8.900977318827218,1999520,GCORES PUBLISHING,Team Woll
Prisoners,2024-08-15,8,Indie,15169,4.99,48107.0,4.380900979983956,81,81.0,True,False,4.6822082747144655,4.180956951334075,0.69810054562339,0.6415634370785263,3.171402201859055,2725200,Brave Cat Games,Brave Cat Games
Only Up !,2024-03-04,3,Indie,7742,6.99,47875.0,1.270125251308995,24,24.0,True,False,4.680108786976679,3.8888531669829365,0.8444771757456814,0.10384655030255203,6.183802634978042,2842590,WGI GAMING,WGI GAMING
Pixel Noir,2024-02-08,2,Indie,3129,24.99,47871.0,8.461323747170796,67,67.0,True,False,4.6800724997599055,3.495405563146193,1.39776625612645,0.927438312343874,15.299137104506231,754320,Kagura Games,SWDTech Games
Time to Morp,2024-03-07,3,Indie,3073,19.99,47790.0,6.805357085340336,86,86.0,True,False,4.679337030520794,3.4875625602563782,1.300812794118117,0.832850918095442,15.551578262284412,977510,Yogscast Games,Team HalfBeard
Ad Fundum,2024-06-13,6,Indie,8182,6.99,47737.0,7.320560806047535,96,96.0,True,False,4.678855122580575,3.912859475162355,0.8444771757456814,0.8645443523210448,5.834392569054021,2647820,Oldbut Gold,Oldbut Gold
Angel Tear: Goddess Betrayed,2024-07-19,7,Indie,3242,19.99,47476.0,3.103139905214389,89,89.0,True,False,4.676474121169098,3.510813010512496,1.300812794118117,0.4918013562135221,14.644046884639112,2420640,Kagura Games,SYRUP many milk
AMANATSU ~Perfect Edition~,2024-05-16,5,Indie,3238,19.99,47037.0,12.38832515614368,97,97.0,True,False,4.672439614832676,3.510276844417355,1.300812794118117,1.0930125957536647,14.526559604694256,2825300,Shiravune,AZARASHI SOFTWARE
Sex Faculty🔞,2024-03-09,3,Indie,7182,9.99,46668.0,1.8866371645860305,76,76.0,True,False,4.669019189195085,3.8562454007900544,0.9995654882259823,0.2756883852896326,6.4979114452798665,2834180,BanzaiProject,BanzaiProject
Terra Randoma,2024-05-23,5,Indie,4392,14.99,46626.0,17.726065266519086,90,90.0,True,False,4.668628159343815,3.6426623314420357,1.1758016328482794,1.2486123440226256,10.616120218579235,1120400,Deniz K.,Deniz K.
City Lights Love Bites Season 0 [Pilot Season],2024-07-12,7,Indie,27901,2.0,46602.0,0.9445049616150892,92,92.0,True,False,4.668404555538178,4.445619769105104,0.3010299956639812,-0.024795756327224545,1.670262714598043,3011560,NaughtyOba,NaughtyOba
KALPA: Cosmic Symphony,2024-08-15,8,Indie,2583,19.99,46470.0,2.186317638434692,88,88.0,True,False,4.667172672478868,3.412124406173317,1.300812794118117,0.33971325852769685,17.990708478513355,2717010,"QueseraGames Co., Ltd.","QueseraGames Co., Ltd."
Perfect Round Disc Golf,2024-03-07,3,Indie,3116,19.99,46195.0,12.957938012814404,85,85.0,True,False,4.664594971445261,3.493597449000527,1.300812794118117,1.1125358980697924,14.825096277278565,1029570,Tree Branch Games,Tree Branch Games
Morbid: The Lords of Ire,2024-05-17,5,Indie,2510,24.99,46151.0,7.0157506347407965,70,70.0,True,False,4.66418111575796,3.399673721481038,1.39776625612645,0.8460741442290389,18.386852589641435,2171560,Merge Games,Still Running
Intergalactic Ecstasy,2024-01-26,1,Indie,3132,17.99,46101.0,2.647660930980216,79,79.0,True,False,4.66371034599207,3.495821753385906,1.2550311633455513,0.4228623670090033,14.719348659003831,2706390,HFTGames,HFTGames
Time Survivors,2024-01-15,1,Indie,12782,4.99,46036.0,4.545911246301737,0,,False,False,4.663097581391381,4.106598813212537,0.69810054562339,0.6576209523705452,3.601627288374276,2211390,Lunar Chili,Lunar Chili
Seal: WHAT the FUN,2024-05-03,5,Indie,4629,14.99,45723.0,41.23363340331073,92,92.0,True,False,4.660134717801592,3.6654871807828107,1.1758016328482794,1.6152516054170052,9.87751134154245,2347910,PLAYWITH KOREA Inc.,PLAYWITH GAMES Inc.
Lost:Antinomy,2024-03-24,3,Indie,22208,2.99,45518.0,5.613759191806671,93,93.0,True,False,4.6581831714879405,4.346509448774761,0.4756711883244297,0.7492537791725566,2.049621757925072,2521180,IMaiIna,IMaiIna
"Rolling Hills: Make Sushi, Make Friends",2024-06-04,6,AA,3510,14.99,45463.0,5.836771067156361,90,90.0,True,False,4.657658090439933,3.545307116465824,1.1758016328482794,0.7661726595221647,12.952421652421652,1235100,Humble Games,"Catch & Release, LLC"
CLeM,2024-02-06,2,Indie,3701,15.99,45414.0,3.490975575043364,92,92.0,True,False,4.65718975562088,3.5683190850951116,1.2038484637462348,0.5429468102404188,12.270737638476088,1861440,Iceberg Interactive,Mango Protocol
Dungeon Dreams 2,2024-02-08,2,Indie,2784,19.99,45410.0,43.46055529505093,93,93.0,True,False,4.657151501900967,3.4446692309385245,1.300812794118117,1.6380952709959136,16.311063218390803,1843470,DDreams Games,DDreams Games
Dreamlike Love with Seira,2024-08-23,8,Indie,7884,6.99,45337.0,2.29505412088319,98,98.0,True,False,4.65645277898963,3.8967466156074058,0.8444771757456814,0.36079293132155377,5.75050735667174,2986260,JAST,るび様崇める会
Rocking Legend,2024-06-17,6,Indie,2552,24.99,45198.0,3.057272110032212,77,77.0,True,False,4.655119217816228,3.4068806700491248,1.39776625612645,0.4853340944755915,17.710815047021942,1260800,Domuro Soft,Domuro Soft
七度荒域：混沌之树,2024-08-16,8,Indie,6965,11.99,45169.0,3.5675660187250444,81,81.0,True,False,4.654840475788552,3.8429211207599825,1.0788191830988487,0.5523720185919263,6.4851399856424985,3088410,Lightimpact,Lightimpact
"SEX, BEACH & GIRLS ⛱ 💦",2024-08-10,8,Indie,8167,6.99,45074.0,2.1406784793960285,84,84.0,True,False,4.653926100357292,3.9120625555885025,0.8444771757456814,0.3305514430488265,5.519040039182074,3009830,Taboo Tales 💘,Pocket Rocket Studio 🚀
Spanky!,2024-04-29,4,Indie,5721,9.99,44989.0,2.4737233399859564,83,83.0,True,False,4.653106339924657,3.757471947765668,0.9995654882259823,0.3933511267255683,7.863834993882189,1732420,HappyHead Games,HappyHead Games
Deathbound,2024-08-08,8,Indie,1843,29.99,44908.0,7.426871347947235,80,80.0,True,False,4.652323713973758,3.2655253352190736,1.476976465759527,0.8708059009102753,24.36679327183939,1277130,Tate Multimedia,Trialforge Studio
NINJA SLAYER NEO-SAITAMA IN FLAMES(ニンジャスレイヤー ネオサイタマ炎上),2024-07-23,7,Indie,2496,19.99,44905.0,1.7177040895401547,41,41.0,True,False,4.6522947007252045,3.397244581010386,1.300812794118117,0.23494834962987027,17.990785256410255,2752330,"KADOKAWA CORPORATION,KADOKAWA Game Linkage,ABC ANIMATION",Skeleton Crew Studio
Undead Inc.,2024-05-02,5,AA,2610,19.99,44449.0,5.721536277943006,37,37.0,True,False,4.647861994791786,3.416640507338281,1.300812794118117,0.7575126559698506,17.030268199233717,2104880,Team17,Rightsized Games
Disco Simulator,2024-03-05,3,Indie,3817,14.99,44231.0,5.355468195030205,79,79.0,True,False,4.645726758261136,3.581722159949099,1.1758016328482794,0.7287974444731372,11.587896253602306,1226970,"Games Incubator,PlayWay S.A.","Games Incubator,Frozen Cave Studio"
Stories from the Outbreak,2024-02-20,2,Indie,3683,19.99,44160.0,10.832185606695251,87,87.0,True,False,4.645029064721142,3.566201718854913,1.300812794118117,1.034716092928306,11.990225359761064,1968630,Coldwild Games,Coldwild Games
Taimanin Yukikaze,2024-04-29,4,Indie,4008,14.99,44103.0,4.909042849615716,91,91.0,True,False,4.644468132305298,3.6029277128591892,1.1758016328482794,0.690996822947382,11.00374251497006,2739700,Shiravune,Lilith
Kurone's Feelings ~Apprentice Witch of Starfall Village~,2024-01-26,1,Indie,3644,14.99,43908.0,1.5584217212031242,90,90.0,True,False,4.642543655534232,3.5615783683009608,1.1758016328482794,0.192684992751247,12.04939626783754,2307300,OTAKU Plan,Bielograf
Project L33T,2024-07-25,7,Indie,1626,29.99,43887.0,10.281846003295016,65,65.0,True,False,4.6423358946299915,3.2111205412580492,1.476976465759527,1.0120710949190668,26.99077490774908,2803360,Holmgard Games,Holmgard Games
Croakoloco,2024-05-06,5,Indie,9864,5.99,43768.0,15.216373611874015,93,93.0,True,False,4.641156701769413,3.994053063587675,0.7774268223893114,1.1823111630780432,4.437145174371452,2628420,Ryan Forrester,Ryan Forrester
Class of Heroes 2G: Remaster Edition,2024-04-26,4,Indie,2675,19.99,43725.0,13.578361345315052,65,65.0,True,False,4.640729818150714,3.427323786357247,1.300812794118117,1.1328473618717547,16.345794392523363,2195790,"PQube,ACQUIRE Corp.",Zerodiv
Kanon,2024-06-19,6,Indie,1786,29.99,43678.0,12.337163860694352,98,98.0,True,False,4.640262743962943,3.2518814545525276,1.476976465759527,1.091215333018377,24.45576707726764,2850310,VISUAL ARTS,VISUAL ARTS/Key
Shoulders of Giants: Ultimate,2024-08-12,8,Indie,2653,19.99,43600.0,4.806888108585829,90,90.0,True,False,4.639486489268586,3.423737249982329,1.300812794118117,0.6818640130399618,16.43422540520166,2283880,Moving Pieces Interactive,Moving Pieces Interactive
Dragon Chronicles: Black Tears,2024-07-14,7,Indie,3987,14.99,43542.0,10.166710361745633,77,77.0,True,False,4.638908373465186,3.6006462356623943,1.1758016328482794,1.0071804511672122,10.920993227990971,2701350,Nyou,Nyou
The Heroes Around Me,2024-06-14,6,Indie,7510,6.99,43017.0,2.8589233773670752,0,,False,False,4.63364011946669,3.8756399370041685,0.8444771757456814,0.45620251589223393,5.727962716378163,1768470,OKJOY,OKJOY
Monster Jam™ Showdown,2024-08-29,8,Indie,955,49.99,42966.0,4.484917932813896,80,80.0,True,False,4.633124924110061,2.9800033715837464,1.6988831367525903,0.6517545005234421,44.99057591623037,2350280,Milestone S.r.l.,Milestone S.r.l.
Bagel Love Story,2024-05-20,5,Indie,13134,3.99,42955.0,2.7087018909894858,98,98.0,True,False,4.633013723371544,4.118397011951576,0.6009728956867483,0.4327612109311642,3.2705192629815745,2798600,NVLMaker,橘子班
Sneak Out,2024-06-06,6,Indie,230771,0.0,42896.0,7.538281877465217,57,57.0,True,True,4.632416796638805,5.36318123199109,,0.8772723729038376,0.1858812415771479,2410490,Kinguin,Kinguin Studios
Splodey,2024-06-04,6,Indie,4765,12.99,42892.0,5.480412642885778,92,92.0,True,False,4.632376297316548,3.6780629049743454,1.113609151073028,0.7388132595393775,9.001469045120672,2204170,Mad Mushroom,Send It Studios
Staffer Reborn,2024-04-26,4,Indie,17834,2.99,42836.0,0.8715559011038803,98,98.0,True,False,4.631808909894799,4.251248762305845,0.4756711883244297,-0.05970475225753712,2.401928899854211,2658920,Team Tetrapod,Team Tetrapod
Nodebuster,2024-08-13,8,Indie,15819,2.99,42568.0,2.7462502016137416,99,99.0,True,False,4.629083245916666,4.199179026051127,0.4756711883244297,0.43874010181194667,2.690941273152538,3107330,Goblobin,Goblobin
Planetaries,2024-08-15,8,Indie,2578,19.99,42508.0,8.339327194184754,61,61.0,True,False,4.6284706719067366,3.4112829130173843,1.300812794118117,0.9211310137504938,16.488750969743986,2800450,EY-Studio,EY-Studio
It Was Raining That Night,2024-05-29,5,Indie,4838,11.99,42490.0,1.922429877151138,74,74.0,True,False,4.628286731089514,3.684665864025861,1.0788191830988487,0.28385050736983736,8.782554774700289,2543770,Deafperv,VeronicaPerv
E.E.R.I.E2,2024-06-16,6,Indie,8217,7.99,42377.0,5.604201762620815,84,84.0,True,False,4.627130208402095,3.914713286973624,0.9025467793139914,0.7485137623766791,5.157235000608495,2162780,Ureasoft,Ureasoft
Escort's Secrets 18+,2024-01-06,1,Indie,6650,9.99,42371.0,2.715271067892765,65,65.0,True,False,4.627068713926809,3.8228216453031045,0.9995654882259823,0.43381319208827046,6.3715789473684215,2668160,BanzaiProject,BanzaiProject
Anno 1602 History Edition,2024-04-22,4,AAA,8401,9.99,42332.0,6.856321831993535,67,67.0,True,False,4.62666878745452,3.9243309847086785,0.9995654882259823,0.8360911949388408,5.038923937626473,2820130,Ubisoft,Ubisoft Mainz
Irotoridori No Sekai HD - The Colorful World,2024-02-16,2,Indie,1533,34.99,42280.0,33.408494179391745,99,99.0,True,False,4.626134978635388,3.185542154854375,1.5439439424829065,1.5238569011299343,27.57990867579909,2591380,NekoNyan Ltd.,FAVORITE
XiuzhenWorld / 修真世界,2024-04-30,4,Indie,7497,9.99,42253.0,85.5434139318437,77,77.0,True,False,4.625857549668946,3.8748875108461123,0.9995654882259823,1.9321865784222596,5.635987728424703,2868430,Noforgetit,Noforgetit
Spire Horizon,2024-02-14,2,Indie,5676,9.99,42180.0,8.823513240410309,80,80.0,True,False,4.625106575403468,3.7540423867854362,0.9995654882259823,0.9456415417219469,7.431289640591967,2321880,Mendoka,Mendoka
Kristala,2024-06-06,6,Indie,1748,29.99,42089.0,3.270808205157224,90,90.0,True,False,4.624168607391142,3.2425414282983844,1.476976465759527,0.5146550785536024,24.07837528604119,1206410,Astral Clocktower Studios,Astral Clocktower Studios
Bureau of Contacts,2024-06-20,6,Indie,7620,7.99,42019.0,2.871687524854979,84,84.0,True,False,4.623445712523773,3.8819549713396007,0.9025467793139914,0.4581371815263193,5.514304461942257,2840210,MIROWIN,MIROWIN
Lilim wants to Lv up♥,2024-08-27,8,Indie,5130,9.99,41953.0,4.206552409983751,81,81.0,True,False,4.622763022062476,3.7101173651118162,0.9995654882259823,0.6239263042167895,8.177972709551657,2651570,Playmeow,"Yoü studio,Maker製造機"
myPOPGOES,2024-08-01,8,Indie,11465,4.99,41949.0,3.964125096733567,84,84.0,True,False,4.622721612371911,4.0593740590659575,0.69810054562339,0.5981473511522514,3.658874836458788,2429350,Clickteam,Kane Carter
Hypnosis Card,2024-01-19,1,Indie,10812,4.99,41891.0,2.016618209055319,77,77.0,True,False,4.622120727735252,4.0339060370266875,0.69810054562339,0.3046236843331085,3.8744913059563446,2544990,Lovely Games,Lust Desires 🖤
SOUL COVENANT,2024-04-18,4,Indie,1026,49.99,41764.0,2.971468127622907,75,75.0,True,False,4.620802087090344,3.0111473607757975,1.6988831367525903,0.47297107631668095,40.705653021442494,2237740,"Thirdverse, Co., Ltd.","Thirdverse, Co., Ltd."
Just Click The Button,2024-01-17,1,Indie,15760,2.99,41751.0,6.070071139889177,93,93.0,True,False,4.620666881958084,4.197556213153536,0.4756711883244297,0.783193780940211,2.649175126903553,2577760,Simon Eftestol,Simon Eftestol
Tools Up! Ultimate Edition,2024-01-05,1,Indie,4051,34.99,41386.0,4.194304726038506,79,79.0,True,False,4.616853453415137,3.607562243183588,1.5439439424829065,0.6226599797844188,10.216242902986917,2551920,Untold Tales,The Knights of Unity
Journey to the West Survivor,2024-03-24,3,Indie,10946,5.99,41369.0,10.398218727760351,87,87.0,True,False,4.616675022956646,4.0392554438064865,0.7774268223893114,1.0169589486294193,3.779371459894025,2450100,Leyo Games,Buding Games
Idle Heros,2024-05-01,5,Indie,18688,0.0,41269.0,74.30369938660196,85,85.0,True,True,4.615623945501026,4.271562825432305,,1.8710104366837546,2.2083154965753424,1686290,EGAME,EGAME
Mylene and the Lust temple,2024-02-01,2,Indie,3866,13.99,41218.0,1.414527658448737,89,89.0,True,False,4.615086914904705,3.5872618496925344,1.1458177144918276,0.1506114436941962,10.661665804449044,2562550,072 Project,キラ☆タマ
Back,2024-07-30,7,Indie,7243,6.99,41201.0,1.3869485359413716,83,83.0,True,False,4.614907757033412,3.8599184852007156,0.8444771757456814,0.1420603464580412,5.688388789175756,2913040,MYSTERY CROWN,MYSTERY CROWN
The Necromancer Arises,2024-03-25,3,Indie,5251,9.99,41069.0,2.176031510339552,82,82.0,True,False,4.613514128230588,3.720242018287057,0.9995654882259823,0.33766517993584255,7.821176918682156,2413570,Whiteleaf Studio,Whiteleaf Studio
Operation: Polygon Storm,2024-08-12,8,Indie,3786,14.99,40987.0,2.3359190909522582,80,80.0,True,False,4.612646131755728,3.5781806096277777,1.1758016328482794,0.3684577960767037,10.82593766508188,2310160,Untold Tales,Toxic Studio
Old Coin Pusher Friends 3,2024-07-25,7,Indie,12042,3.99,40967.0,12.495623448004896,97,97.0,True,False,4.612434161874806,4.080698622871129,0.6009728956867483,1.0967579293919294,3.402009632951337,3040390,STP WORKS,STP WORKS
E-Startup 2 : Business Tycoon,2024-05-14,5,Indie,4124,12.99,40926.0,4.321572074374925,80,80.0,True,False,4.611999299914792,3.6153186566114788,1.113609151073028,0.6356417604790526,9.923860329776916,2547750,Polytale Games,Polytale Games
Riviera: The Promised Land,2024-07-16,7,Indie,1601,34.99,40866.0,8.112560411307811,96,96.0,True,False,4.611362130666253,3.2043913319193,1.5439439424829065,0.9091579438546433,25.525296689569014,2891280,Sting,Sting
Life Eater,2024-04-16,4,Indie,3362,14.99,40857.0,1.761433052706857,85,85.0,True,False,4.611266474599957,3.526597709103452,1.1758016328482794,0.24586614147552907,12.15258774538965,2632930,"Strange Scaffold,Frosty Pop",Strange Scaffold
This Grand Life 2,2024-06-20,6,Indie,2945,16.99,40793.0,13.109199416556264,92,92.0,True,False,4.610585645389078,3.4690852991231202,1.2301933788690456,1.1175761699823463,13.851612903225806,2459490,Poking Water Games,Poking Water Games
Read Only Memories: NEURODIVER,2024-05-15,5,Indie,3328,14.99,40762.0,3.660410973557217,70,70.0,True,False,4.610255484648782,3.5221833176186865,1.1758016328482794,0.5635298486534516,12.248197115384617,1293910,Chorus Worldwide Games,"MidBoss, LLC."
Alchemist Quest,2024-01-26,1,Indie,4175,12.99,40748.0,3.265305039415072,77,77.0,True,False,4.610106297486313,3.620656479819621,1.113609151073028,0.5139237585809695,9.76,2657720,Kagura Games,ShiroKuroSoft
Kitten Burst,2024-01-20,1,Indie,2073,24.99,40690.0,7.522090444087317,100,100.0,True,False,4.609487689853285,3.3165993020938607,1.39776625612645,0.8763385509863933,19.62855764592378,1592360,Lithodelphis,Lithodelphis
Dusk City,2024-07-25,7,Indie,2052,24.99,40666.0,2.834362257995707,99,99.0,True,False,4.609231456315057,3.3121773564397787,1.39776625612645,0.45245535635400486,19.817738791423,2973120,Dieselmine,Suteneko Lab.
Class of Heroes: Anniversary Edition,2024-04-26,4,Indie,2484,19.99,40490.0,17.326049577224996,77,77.0,True,False,4.607347776768413,3.3951515915045425,1.300812794118117,1.238699552766694,16.300322061191626,2195780,"PQube,ACQUIRE Corp.",Zerodiv
Beach Club Simulator 2024,2024-08-16,8,Indie,7981,8.99,40336.0,5.27093331340532,82,82.0,True,False,4.605692828332371,3.9020573108084666,0.9537596917332288,0.7218875216592197,5.054003257737126,2856030,Catsupp Games,Catsupp Games
Beyond Hanwell,2024-08-25,8,Indie,2484,17.99,40218.0,3.1956422657074275,82,82.0,True,False,4.60442046977737,3.3951515915045425,1.2550311633455513,0.5045581565227789,16.190821256038646,2565550,Steel Arts Software Ltd,Steel Arts Software Ltd
Armored Suit Solgante,2024-06-14,6,Indie,4236,12.99,40188.0,3.983391950568567,82,82.0,True,False,4.604096393587492,3.6269559514354475,1.113609151073028,0.6002530414317324,9.487252124645892,2914470,Kagura Games,GapTax
Sun Breed,2024-04-16,4,Indie,4222,14.99,40182.0,4.677975289079946,92,92.0,True,False,4.604031549319823,3.6255182289716377,1.1758016328482794,0.6700579233635645,9.517290383704406,2573950,SuperWriter Games LLC,SuperWriter Games LLC
风流公子romantic young man,2024-07-25,7,Indie,10210,4.99,40067.0,2.6870168978411,90,90.0,True,False,4.60278682603088,4.00902574208691,0.69810054562339,0.42927039758913066,3.9242899118511274,2829600,Ronin SoftWork,Ronin SoftWork
My step family,2024-03-15,3,Indie,5403,9.99,40051.0,0.8797257734494592,56,56.0,True,False,4.602613364092169,3.732634967539196,0.9995654882259823,-0.055652684256439905,7.412733666481584,2753820,Kun family,Kun family
无休仙途,2024-07-25,7,Indie,8822,5.99,40010.0,43.543667833485095,77,77.0,True,False,4.602168551378997,3.9455670534423883,0.7774268223893114,1.6389250083695832,4.535252777148039,2654540,GOCORE,GOCORE
Lazaret,2024-02-20,2,Indie,4436,10.99,39971.0,2.9691842032890894,88,88.0,True,False,4.601745013635368,3.6469915374771222,1.0409976924234905,0.47263714134493723,9.010595130748422,2088280,Aegon Games,Aegon Games
修仙神诀,2024-06-27,6,Indie,12909,0.0,39887.0,12.383104587172468,74,74.0,True,True,4.600831373175193,4.1108926008022175,,1.0928295409721158,3.089859787744984,3029670,雷鸣工作室,雷鸣工作室
Silent Rain,2024-07-15,7,Indie,5574,9.99,39816.0,3.669721526285395,67,67.0,True,False,4.600057627735967,3.7461669643772852,0.9995654882259823,0.5646331094329635,7.143164693218514,1791910,Seedlers Interactive,"2Brains&Coffee,Seedlers Interactive"
Slavania,2024-03-13,3,Indie,3238,15.99,39769.0,5.31468190304819,64,64.0,True,False,4.59954467069576,3.510276844417355,1.2038484637462348,0.7254772760305211,12.281964175416924,1349600,"FrostLeaf Games LLC,Game Art Pioneers",FrostLeaf Games LLC
Rebirth! New Lover,2024-08-06,8,Indie,5441,8.99,39756.0,3.3820040022280256,91,91.0,True,False,4.599402681929585,3.7356787259059048,0.9537596917332288,0.5291741172015568,7.306745083624333,2803810,次元边界,次元边界
Echocalypse: The Scarlet Covenant,2024-06-07,6,Indie,7701,0.0,39735.0,8.64651914648372,54,54.0,True,True,4.599173217352912,3.886547123391106,,0.9368413074970243,5.159719516945851,2917030,Yoozoo (Singapore) Pte. Ltd,Yoozoo (Singapore) Pte. Ltd
Candy & Toys Store Simulator,2024-06-26,6,Indie,3531,12.99,39589.0,8.506729676566618,91,91.0,True,False,4.597574531811136,3.5478977175630972,1.113609151073028,0.9297626321888479,11.21183800623053,3013700,Ox Games,Ox Developer
Cats Hidden Around the World,2024-06-09,6,Indie,10740,4.99,39527.0,2.280299730203956,97,97.0,True,False,4.596893853733629,4.031004281363537,0.69810054562339,0.3579919358680837,3.6803538175046553,2377970,Travellin Cats,Travellin Cats
TASOKARE HOTEL Re:newal,2024-01-22,1,Indie,1283,39.99,39446.0,6.31815504654062,92,92.0,True,False,4.596002970384389,3.1082266563749283,1.6019514041335217,0.8005902792188321,30.745128604832423,2622260,SEEC Inc.,SEEC Inc.
MACROSS -Shooting Insight-,2024-03-27,3,Indie,1100,39.99,39428.0,2.5255326652276247,48,48.0,True,False,4.595804747882425,3.041392685158225,1.6019514041335217,0.40235299004748304,35.843636363636364,2103230,Bushiroad Inc.,KAMINARI GAMES Inc.
Britannia,2024-04-04,4,Indie,3036,24.99,39342.0,24.25514936178075,74,74.0,True,False,4.5948564340501585,3.4823017672234426,1.39776625612645,1.3848039533301493,12.958498023715414,1268420,"PID Games,Avalon Digital",Avalon Digital
Lysfanga: The Time Shift Warrior,2024-02-13,2,Indie,2741,19.99,39323.0,8.184091418936433,78,78.0,True,False,4.594646643283831,3.4379090355394983,1.300812794118117,0.9129704719404047,14.346224005837286,2161620,Spotlight by Quantic Dream,Sand Door Studio
Snapshot VR,2024-04-05,4,Indie,2907,19.99,39215.0,25.527867024835096,87,87.0,True,False,4.593452219346109,3.4634450317704277,1.300812794118117,1.4070145289427887,13.48985208118335,1133580,Giant Scam Industries,Giant Scam Industries
Shanghai Summer,2024-02-07,2,Indie,3771,12.99,39145.0,2.7283112400338663,0,,False,False,4.5926762974007325,3.5764565324056203,1.113609151073028,0.4358939122157524,10.380535666931848,1323830,Astrolabe Games,FUTU Studio
Boyhood's End,2024-09-05,9,Indie,4394,10.99,39110.0,1.7971319180139649,86,86.0,True,False,4.5922878159521305,3.6428600525844916,1.0409976924234905,0.2545799575556915,8.900773782430587,2403290,"WSS playground,Alliance Arts","WSS playground,buriki clock"
Sex Detective [18+],2024-01-20,1,Indie,6159,9.99,39057.0,2.62368680328011,74,74.0,True,False,4.591698881719829,3.7895102040902544,0.9995654882259823,0.41891199086925035,6.34145153433999,2732510,BanzaiProject,BanzaiProject
飛天歷險2024(Dream Of Mirror Online),2024-06-18,6,Indie,5027,0.0,38814.0,53.80585097088608,86,86.0,True,True,4.588988401524132,3.7013088852280753,,1.7308295044062612,7.721106027451761,2899890,Hong Kong GameStar Limited,SOFTSTAR ENTERTAINMENT
Chromosome Evil 2,2024-02-15,2,Indie,2504,19.99,38734.0,15.35812128894409,91,91.0,True,False,4.5880923482183755,3.398634324538392,1.300812794118117,1.186338093055732,15.468849840255592,2529770,S.C. 16 BIT NIGHTS S.R.L.,"S.C. 16 BIT NIGHTS S.R.L.,dovganovskiy"
A fascinating story,2024-06-14,6,Indie,5323,9.99,38560.0,2.751939126006837,75,75.0,True,False,4.586137025230793,3.7261564661727546,0.9995654882259823,0.4396388229022378,7.244035318429457,2756390,Lovely Games,L&P
STRIDE: Fates,2024-05-16,5,Indie,1456,29.99,38478.0,2.2171262747285883,44,44.0,True,False,4.585212490300883,3.1631613749770184,1.476976465759527,0.3457904287284273,26.427197802197803,2597880,Joy Way,Joy Way
Brainwashing with Tentacles R,2024-05-25,5,Indie,4016,11.99,38429.0,1.6485084560717145,73,73.0,True,False,4.584659083394027,3.603793704136963,1.0788191830988487,0.21709117921096754,9.568974103585658,2862430,Dieselmine,kagurado
False Dream,2024-01-16,1,Indie,22446,1.99,38327.0,2.8520489149129244,97,97.0,True,False,4.583504826704517,4.351138958581848,0.29885307640970665,0.45515696974034464,1.7075202708723158,2753720,TenkaiGames,TenkaiGames
Chocolate Factory,2024-06-18,6,Indie,2560,19.99,38045.0,5.231778431189281,58,58.0,True,False,4.58029758843657,3.4082399653118496,1.300812794118117,0.7186493430858125,14.861328125,2854710,Tbjbu2,Tbjbu2
Touhou ~Red Empress Devil.,2024-03-07,3,Indie,5933,7.99,37988.0,1.1907577469879576,79,79.0,True,False,4.579646429331813,3.773274348337454,0.9025467793139914,0.07582341568283178,6.402831619753918,1734070,STUDIO POCO,STUDIO POCO
Orgasm Academy 💦,2024-04-13,4,Indie,5975,9.99,37850.0,2.698963040803605,83,83.0,True,False,4.578065883836092,3.7763379096201755,0.9995654882259823,0.4311969374335264,6.334728033472803,2820600,Lust Desires 🖤,Lust Desires 🖤
Timemelters,2024-02-28,2,Indie,2700,19.99,37803.0,5.238353917176057,94,94.0,True,False,4.577526266285552,3.4313637641589874,1.300812794118117,0.7191948371751545,14.001111111111111,1096140,Autoexec Games,Autoexec Games
Escape Memoirs: Safe House,2024-07-19,7,Indie,4474,9.99,37696.0,3.980908947622048,97,97.0,True,False,4.576295268770989,3.6506959797606107,0.9995654882259823,0.5999822444021009,8.425569959767547,2722360,0 Deer Soft Partnership,0 Deer Soft
Inn Tycoon,2024-08-26,8,Indie,5278,9.9,37621.0,4.334262378938257,87,87.0,True,False,4.575430335305532,3.7224693858840308,0.9956351945975499,0.636915198233442,7.127889352027284,2749000,"Evil Goose Games,Gamersky Games",Evil Goose Games
Legend of the Master Baiter,2024-06-21,6,Indie,5111,9.99,37590.0,4.788857462263077,78,78.0,True,False,4.575072325713813,3.708505880955237,0.9995654882259823,0.6802319106960094,7.354725102719624,2864830,Kagura Games,BigWednesday
Silent Depth 2: Pacific,2024-07-16,7,Indie,3423,12.99,37567.0,3.543798908664691,58,58.0,True,False,4.5748065148539965,3.534406899137877,1.113609151073028,0.5494690700617769,10.974875839906517,2591010,MicroProse Software,MicroProse Software
Pampas & Selene: The Maze of Demons,2024-05-21,5,Indie,5126,9.99,37487.0,7.261998140753362,93,93.0,True,False,4.57388068620502,3.709778601848225,0.9995654882259823,0.8610561333870279,7.313109637143972,1966220,Unepic Games,@unepic_fran
Union of Gnomes,2024-07-18,7,Indie,3038,14.99,37472.0,4.858536097701764,93,93.0,True,False,4.573706873392269,3.4825877695267677,1.1758016328482794,0.6865054337766634,12.334430546412111,2097030,HeroCraft PC,Hoolignomes
DATE A LIVE: Ren Dystopia,2024-09-05,9,Indie,1223,39.99,37412.0,3.649681378405073,96,96.0,True,False,4.573010925673387,3.0874264570362855,1.6019514041335217,0.5622549516782569,30.590351594439905,2627780,Idea Factory International,"Idea Factory,Compile Heart,Sting"
风岬-The Everlasting lovestory at the Windcap,2024-02-13,2,Indie,7858,5.99,37405.0,3.8382243486449794,0,,False,False,4.572929659079372,3.8953120244757873,0.7774268223893114,0.5841303561552982,4.760117078136931,2414750,百歌CentChansons,百歌CentChansons
My Little Pony: A Zephyr Heights Mystery,2024-05-17,5,Indie,1064,39.99,37380.0,5.784979175911031,88,88.0,True,False,4.572639297042813,3.0269416279590295,1.6019514041335217,0.7623017999682857,35.13157894736842,2235440,Outright Games Ltd.,Drakhar Studios
World Turtles,2024-04-15,4,Indie,2761,19.99,37235.0,2.8684712372014327,78,78.0,True,False,4.570951358179388,3.4410664066392633,1.300812794118117,0.45765049947300773,13.48605577689243,1512050,indie.io,Re: cOg Mission
Darkness Revenge,2024-02-08,2,Indie,4505,9.99,37160.0,3.036385164083652,81,81.0,True,False,4.570075705321604,3.6536947953150816,0.9995654882259823,0.4823568607762599,8.248612652608212,2112680,Hematite,Hematite
Linkito,2024-07-23,7,Indie,2923,14.99,37043.0,4.508091899937316,88,88.0,True,False,4.5687061516245295,3.4658288153574364,1.1758016328482794,0.6539927607966178,12.672938761546355,2312770,"Playdigious Originals,Kimeria Games",Kalinarm
Aground Zero,2024-01-18,1,Indie,2046,19.99,36809.0,13.945204139951857,92,92.0,True,False,4.565954019011971,3.3109056293761414,1.300812794118117,1.1444248761643285,17.990713587487782,1795570,Fancy Fish Games,Fancy Fish Games
Towerful Defense: A Rogue TD,2024-07-29,7,Indie,4968,9.99,36774.0,4.435117143496472,78,78.0,True,False,4.565540871735753,3.6961815871685237,0.9995654882259823,0.6469050952167265,7.4021739130434785,2453610,Mini Fun Games,Mini Fun Games
SEX Airlines 🔞✈️,2024-07-13,7,Indie,5700,9.99,36654.0,1.330472437003454,72,72.0,True,False,4.564121375515653,3.7558748556724915,0.9995654882259823,0.12400588183269289,6.430526315789474,3014600,Play & Cum 💦,Play & Cum 💦
Virtua Unlimited Project,2024-04-24,4,Indie,4091,10.99,36626.0,7.486923043711081,0,,False,False,4.5637894910701,3.6118294794983736,1.0409976924234905,0.874303369142011,8.952823270593987,1934030,Neverland Entertainment,Virtua Ride System
重生了还要我谈恋爱？,2024-07-25,7,Indie,6109,7.99,36601.0,3.1956110734957632,95,95.0,True,False,4.563492951201761,3.7859701251320095,0.9025467793139914,0.5045539174151469,5.991324275658864,2804510,画域互动,画域互动
14 Minesweeper Variants 2,2024-06-14,6,Indie,6567,6.99,36460.0,30.8273594644494,98,98.0,True,False,4.5618166643189575,3.8173670162875943,0.8444771757456814,1.4889363265711038,5.552002436424547,2631960,Artless Games,"Alith Games,Artless Games"
Die by the Blade,2024-05-16,5,Indie,2085,19.99,36435.0,4.79305152673187,61,61.0,True,False,4.561518773860811,3.3191060593097763,1.300812794118117,0.6806120978119501,17.47482014388489,1154670,Grindstone,"Grindstone,Triple Hill Interactive,Toko Midori Games"
Real Dive World,2024-05-10,5,Indie,2501,19.99,36294.0,2.67005413560503,82,82.0,True,False,4.559834834890994,3.3981136917305026,1.300812794118117,0.42652006681633386,14.511795281887244,2337090,OTAKU Plan,TANUKIHOUSE
Climber Animals: Together,2024-03-22,3,Indie,12770,3.99,36224.0,2.713706604500689,93,93.0,True,False,4.5589964051721585,4.106190897263415,0.6009728956867483,0.43356289161620165,2.83664839467502,2744880,Weakfish Studio Publishing,Payoff Games
Sid Meier's Alpha Centauri™ Planetary Pack,2024-03-07,3,AAA,18231,4.99,36165.0,15.234579989068529,95,95.0,True,False,4.558288469433135,4.260810491066978,0.69810054562339,1.1828304854084255,1.983709066973836,2204130,Electronic Arts,Firaxis Games
Archean,2024-05-16,5,Indie,2138,19.99,36163.0,35.56501054328521,92,92.0,True,False,4.558264451377498,3.330007700872759,1.300812794118117,1.5510229417809496,16.91440598690365,2941660,"batcholi,FloDKSM","batcholi,FloDKSM"
洪荒：我挂机成圣,2024-01-14,1,Indie,6629,6.99,36125.0,271.6146279284957,50,50.0,True,False,4.5578078557646045,3.8214480190175304,0.8444771757456814,2.4339531553638287,5.449539900437472,2123310,老乌贼工作室,老乌贼工作室
Knights Within,2024-05-15,5,Indie,2479,17.99,36030.0,7.057114379278621,97,97.0,True,False,4.556664262122569,3.3942765267678214,1.2550311633455513,0.848627156386521,14.5340863251311,2406180,Indecision Labs,Indecision Labs
Master of Chess,2024-06-12,6,Indie,3176,14.99,36029.0,9.34233207450903,86,86.0,True,False,4.556652208264427,3.5018804937550585,1.1758016328482794,0.9704553002846364,11.344143576826196,2248900,BRANE,BRANE
Umbraclaw,2024-05-30,5,Indie,1971,24.99,36009.0,4.507811287732485,93,93.0,True,False,4.556411060818322,3.2946866242794433,1.39776625612645,0.6539657267148148,18.269406392694066,2428420,"INTI CREATES CO., LTD.","INTI CREATES CO., LTD."
C.A.R.D.S. RPG: The Misty Battlefield,2024-05-22,5,Indie,1133,39.99,35903.0,10.33745263202776,46,46.0,True,False,4.555130739080011,3.0542299098633974,1.6019514041335217,1.0144135325537258,31.688437775816418,2539880,ACQUIRE Corp.,ACQUIRE Corp.
Rogue Fable IV,2024-01-26,1,Indie,3991,11.99,35878.0,26.67117876901817,92,92.0,True,False,4.554828225532231,3.6010817277840235,1.0788191830988487,1.4260422103493091,8.989726885492358,2720010,Pixel Forge Games,Pixel Forge Games
3 Minutes to Midnight - A Comedy Graphic Adventure,2024-08-22,8,Indie,1742,24.99,35867.0,7.501924637371908,92,92.0,True,False,4.554695052786022,3.241048150671644,1.39776625612645,0.8751726970130619,20.58955223880597,832500,Scarecrow Studio,Scarecrow Studio
Innocence Or Money | Season 2 | Episode 1,2024-08-10,8,Indie,9947,3.99,35719.0,1.892374217964523,75,75.0,True,False,4.552899291746152,3.9976921179417264,0.6009728956867483,0.27700702251327763,3.5909319392781742,3064420,MarcialART,MarcialART
QANGA,2024-09-02,9,Indie,2197,19.99,35571.0,3.25806345564814,85,85.0,True,False,4.551096074586321,3.3418300569205104,1.300812794118117,0.5129595385880401,16.190714610832956,1648190,iolaCorp Studio,iolaCorp Studio
The Cooking Game VR,2024-08-09,8,Indie,3127,19.99,35330.0,1.6773863133265157,72,72.0,True,False,4.548143637434846,3.4951278812429334,1.300812794118117,0.22463309505975193,11.29836904381196,857180,Play Spirit Limited,Play Spirit Limited
Top Racer Collection,2024-03-06,3,Indie,2184,19.99,35298.0,4.23830756740612,83,83.0,True,False,4.54775009877109,3.3392526340327,1.300812794118117,0.6271924695952843,16.162087912087912,2214000,"QUByte Interactive,Piko Interactive,bleem.net",QUByte Interactive
CORPUS EDAX,2024-09-05,9,Indie,2228,19.99,35271.0,2.058410046420825,79,79.0,True,False,4.547417772917427,3.3479151865016914,1.300812794118117,0.3135318928556518,15.830789946140037,2017610,Luis G. Bento,Luis G. Bento
Ballance,2024-01-05,1,Indie,9412,5.99,35198.0,1.613739933077078,78,78.0,True,False,4.546517986954251,3.9736819185039836,0.7774268223893114,0.2078335460427422,3.739694007649809,2000770,Ziggurat,Cyparade
Galactic Glitch,2024-07-15,7,Indie,3974,12.99,35181.0,4.501046549918738,94,94.0,True,False,4.546308179871572,3.5992278627737964,1.113609151073028,0.6533135044444335,8.85279315551082,1536620,Crunchy Leaf Games,Crunchy Leaf Games
The Assistant Season 2,2024-08-29,8,Indie,4501,9.99,35119.0,2.944678487160993,87,87.0,True,False,4.5455421410420085,3.653309012938479,0.9995654882259823,0.4690378835460954,7.80248833592535,2994260,Backhole,Backhole
GOBLIN SLAYER -ANOTHER ADVENTURER- NIGHTMARE FEAST,2024-02-28,2,Indie,700,54.99,34638.0,8.28881600993995,48,48.0,True,False,4.539552807882274,2.845098040014257,1.7402837196818792,0.9184924995403059,49.48285714285714,2456410,Bushiroad Inc.,"APOLLOSOFT Inc.,mebius."
Unspoken,2024-04-01,4,Indie,13185,2.99,34570.0,1.221261653746725,91,91.0,True,False,4.538699379542407,4.120080134129453,0.4756711883244297,0.08680872095098367,2.62191884717482,2846290,Weeping Studio,Weeping studio
Trap Yuri Garden,2024-06-10,6,Indie,3168,14.99,34538.0,4.174798019139268,93,93.0,True,False,4.538297185167974,3.500785172917456,1.1758016328482794,0.6206354687309498,10.902146464646464,2183910,"Eroge Japan,Sanuk Inc.",No Strike
Llamasoft: The Jeff Minter Story,2024-03-13,3,Indie,1437,29.99,34480.0,2.6086928041531428,93,93.0,True,False,4.537567257152675,3.157456768134226,1.476976465759527,0.41642294022857174,23.994432846207378,2236680,Digital Eclipse,Digital Eclipse
Busty Milf and Summer Country Sex Life,2024-04-25,4,Indie,1920,22.99,34423.0,2.5442447265943544,94,94.0,True,False,4.536848716853547,3.2833012287035497,1.361538971269279,0.40555888303680415,17.928645833333334,2795310,Dieselmine,MikanBatake
Retrowave World,2024-05-10,5,Indie,4976,9.99,34177.0,6.393304313510181,83,83.0,True,False,4.533733938413199,3.696880371682762,0.9995654882259823,0.8057253768150349,6.868368167202572,2413050,RewindApp,RewindApp
War Tortoise,2024-03-27,3,Indie,3157,12.99,34147.0,35.57522367183048,82,82.0,True,False,4.533352554557032,3.4992745818922173,1.113609151073028,1.5511476393012653,10.816281279695914,2120250,Foursaken Media,Foursaken Media
The Night is Grey,2024-01-05,1,Indie,2599,15.99,34137.0,6.327124309995986,83,83.0,True,False,4.533225352142115,3.4148062795010126,1.2038484637462348,0.8012063671942448,13.134667179684492,1281490,Whalestork Interactive,Whalestork Interactive
エスカレーター |  Escalator,2024-01-06,1,Indie,13759,2.99,34019.0,0.970338311259362,38,38.0,True,False,4.531721543231137,4.138586870653583,0.4756711883244297,-0.013076821303943153,2.4724907333381787,2738050,Toyasky,Toyasky
Thalassa: Edge of the Abyss,2024-08-01,8,Indie,1885,19.99,33913.0,5.175897436224591,92,92.0,True,False,4.5303662098847335,3.2753113545418118,1.300812794118117,0.7139856619181741,17.990981432360744,1783680,Team17 Digital Ltd,Sarepta Studio
Forest Ranger Simulator,2024-06-19,6,Indie,2968,14.99,33771.0,6.762252434257949,48,48.0,True,False,4.528543920808697,3.4724638966069894,1.1758016328482794,0.8300913789051999,11.378369272237196,1185780,FreeMind S.A.,"HOT CODE COMPANY,FreeMind S.A.,VIRTUAL MAGIC"
Fallen Leaf,2024-07-15,7,Indie,2354,16.99,33220.0,6.47813663302046,90,90.0,True,False,4.521399628115375,3.371806458507416,1.2301933788690456,0.8114501036527095,14.11214953271028,1459010,Delta Shore Games,Delta Shore Games
Été,2024-07-23,7,Indie,1903,24.99,33085.0,6.732972715477706,99,99.0,True,False,4.519631138979614,3.2794387882870204,1.39776625612645,0.8282068545479271,17.385706778770363,1065070,Impossible,Impossible
Monster Girl Conquest Records Battle Orc,2024-05-09,5,Indie,3604,10.99,33040.0,2.6832910240482435,93,93.0,True,False,4.5190400386483445,3.5567847823070253,1.0409976924234905,0.42866777788401594,9.167591564927855,2680840,Shady Corner Games,mozu field
Teenage Mutant Ninja Turtles Arcade: Wrath of the Mutants,2024-04-23,4,Indie,1443,29.99,32967.0,2.551853235737157,62,62.0,True,False,4.51807942810387,3.159266331093494,1.476976465759527,0.40685569326920296,22.846153846153847,2527580,GameMill Entertainment,Cradle Games
Dungeon Exiles,2024-08-07,8,Indie,3916,9.99,32913.0,8.265966155033187,77,77.0,True,False,4.517367469777369,3.5928426831311002,0.9995654882259823,0.9172936227322344,8.404749744637385,2850100,Gronkins,Gronkins
An English Haunting,2024-05-22,5,Indie,2877,13.99,32895.0,4.98717775106139,96,96.0,True,False,4.517129890733204,3.458939861890326,1.1458177144918276,0.6978548474502454,11.43378519290928,2474030,"Postmodern Adventures,enComplot",Postmodern Adventures
Trackline Express,2024-04-18,4,Indie,2838,14.99,32789.0,5.505014640252864,85,85.0,True,False,4.515728171743949,3.4530123911214554,1.1758016328482794,0.7407584782891653,11.553558844256518,2343920,Bubblebird Studio,Bubblebird Studio
Rum & Gun,2024-08-26,8,Indie,8875,4.99,32753.0,12.051587904666636,94,94.0,True,False,4.515251085206437,3.9481683617271317,0.69810054562339,1.0810442728694618,3.690478873239437,1210800,Borington,Borington
Plushie from the Sky,2024-05-06,5,Indie,3684,11.99,32723.0,2.4452972237095225,96,96.0,True,False,4.514853112350159,3.566319621524811,1.0788191830988487,0.3883316547772995,8.882464712269272,1679510,fishwind,fishwind
飄流幻境M,2024-06-25,6,Indie,13101,0.0,32631.0,42.33954376230544,74,74.0,True,True,4.5136303832523925,4.117304446641002,,1.6267461738869657,2.4907258987863523,1481340,Chinesegamer,Chinesegamer
Horny Suika: Wet Watermelon,2024-08-02,8,Indie,7860,4.99,32631.0,3.632772524791276,91,91.0,True,False,4.5136303832523925,3.895422546039408,0.69810054562339,0.5602382042703984,4.151526717557252,2739980,Tora Creatives,Tora Creatives
Nine Tereasures of Liuyin,2024-08-01,8,Indie,2160,18.99,32506.0,2.98226257938161,0,,False,False,4.511963531021603,3.3344537511509307,1.2785249647370176,0.4745458791424779,15.049074074074074,2949580,kingnagame,kingnagame
Sore wa Maichiru Sakura no You ni -Re:BIRTH-,2024-06-07,6,Indie,1132,39.99,32480.0,10.10257010148131,89,89.0,True,False,4.511616020569138,3.0538464268522527,1.6019514041335217,1.0044318726836912,28.692579505300355,2754170,HIKARI FIELD,Navel
TryAndLove,2024-01-25,1,Indie,5564,6.99,32472.0,3.313299785383789,51,51.0,True,False,4.511509038309229,3.7453871213200087,0.8444771757456814,0.5202607323648359,5.83608914450036,2715590,MYSTERY CROWN,MYSTERY CROWN
Wulin Chess,2024-02-01,2,Indie,5968,11.99,32365.0,30.11762561523791,76,76.0,True,False,4.510075611353949,3.7758288144646124,1.0788191830988487,1.478820730382358,5.42308981233244,1525410,East2west Games,LameCat Studio
My love with the GirlsGroup,2024-04-17,4,Indie,2255,25.5,32198.0,2.680101537283766,72,72.0,True,False,4.507828896045528,3.3531465462139796,1.4065401804339552,0.42815124785218955,14.27849223946785,2852710,Bing World,Bing World
Benefitship,2024-07-12,7,Indie,12641,2.99,32166.0,1.7604861868198556,96,96.0,True,False,4.507397057608951,4.101781431327967,0.4756711883244297,0.24563262184502785,2.5445771695277277,2404000,RFH Games,RFH Games
Lust & Legends,2024-05-09,5,Indie,3127,12.99,32128.0,2.322082956917242,79,79.0,True,False,4.506883691128906,3.4951278812429334,1.113609151073028,0.3658777309442591,10.274384393987848,2899030,Entropy Digital Entertainment,Entropy Digital Entertainment
Demon Slayer -Kimetsu no Yaiba- Sweep the Board!,2024-07-16,7,AA,593,59.99,32016.0,3.4537952979865176,97,97.0,True,False,4.505367071292136,2.7730546933642626,1.778078861937455,0.5382965939177861,53.989881956155145,2424110,SEGA,CyberConnect2
Abathor,2024-07-25,7,Indie,2593,14.99,31842.0,5.0401017121337786,91,91.0,True,False,4.503000338013029,3.4138025167693513,1.1758016328482794,0.7024393008448747,12.27998457385268,2295610,JanduSoft,Pow Pixel Games
Yet Another Fantasy Title (YAFT),2024-04-10,4,Indie,2557,19.99,31754.0,2.8679573315310183,61,61.0,True,False,4.5017984404471525,3.4077307280263356,1.300812794118117,0.45757268576198434,12.418459131795071,1993450,"Atomic Wolf,Games Operators",Atomic Wolf
GHOSTWARE: Arena of the Dead,2024-06-10,6,Indie,2758,14.99,31678.0,2.716453630347715,85,85.0,True,False,4.500757754471037,3.440594261839831,1.1758016328482794,0.434002296059969,11.485859318346629,1893370,Mothership Loudspeakerz,Daev Team
西游-琉璃盏,2024-07-11,7,Indie,2563,14.99,31644.0,8.225275653716226,85,85.0,True,False,4.500291375841059,3.408748606184244,1.1758016328482794,0.9151504613796834,12.346468981662117,1309510,Dark Dimension,Dark Dimension
Parfait Remake,2024-07-19,7,Indie,1254,34.99,31543.0,6.345430251028448,90,90.0,True,False,4.498902995951865,3.0982975364946976,1.5439439424829065,0.8024610747069229,25.15390749601276,2947220,HIKARI PULSE,"GIGA,Entergram"
Only Up: SKIBIDI TOGETHER,2024-07-12,7,Indie,8729,4.99,31466.0,2.364922886217591,81,81.0,True,False,4.497841538326658,3.9409644934927996,0.69810054562339,0.373816984128298,3.604765723450567,2928650,"Rosa Special Studio,Grand Technology Associates","Grand Technology Associates,Rosa Special Studio"
希望之城 The City Of Hope,2024-03-04,3,Indie,5701,6.99,31464.0,13.97846301423298,71,71.0,True,False,4.49781393340169,3.755951041004132,0.8444771757456814,1.1454594216862453,5.519031748815997,2424740,家里蹲工作室,家里蹲工作室
DEFENDUN : Hero Defense,2024-02-14,2,Indie,7029,8.99,31353.0,7.923647630905813,77,77.0,True,False,4.496279102458945,3.846893543316625,0.9537596917332288,0.8989251539745537,4.46052069995732,2323810,Gonggamorecontents Inc.,Gonggamorecontents Inc.
Futanari di Funghi,2024-06-03,6,Indie,5273,6.99,31301.0,5.102718338234958,81,81.0,True,False,4.495558212547868,3.722057771331464,0.8444771757456814,0.7078015966437529,5.936089512611416,2496640,Shady Corner Games,Ahegames
Brothel Secrets 🔞,2024-01-27,1,Indie,5429,9.99,31198.0,1.60275482219499,77,77.0,True,False,4.494126753736251,3.73471984165568,0.9995654882259823,0.2048670922159001,5.746546325290109,2721240,Octo Games,Octo Games
Roommates,2024-02-07,2,Indie,4147,9.99,31098.0,3.815552727126738,93,93.0,True,False,4.492732459223175,3.617734035364018,0.9995654882259823,0.5815574594477934,7.498914878225223,2775110,Octaday,Octaday
SANYA,2024-03-01,3,Indie,2638,14.99,31003.0,1.465351068896308,75,75.0,True,False,4.491403720299015,3.4212747912103465,1.1758016328482794,0.16594168545389287,11.752463987869598,1667360,helpnode,helpnode
"Sex, Camera, Action! 🔞",2024-07-27,7,Indie,5419,9.99,30951.0,1.8185943631721628,78,78.0,True,False,4.490674685261339,3.733919151012391,0.9995654882259823,0.25973584063501215,5.711570400442886,2955820,Play & Cum 💦,Play & Cum 💦
Decimate Drive,2024-02-25,2,Indie,4570,7.99,30948.0,1.3102211414602636,93,93.0,True,False,4.490632588185562,3.6599162000698504,0.9025467793139914,0.11734460283936099,6.77199124726477,2427950,Some Random Designing,Some Random Designing
Unbeatable professional me with 100 girlfriends,2024-05-17,5,Indie,3760,9.99,30925.0,2.531206269062915,66,66.0,True,False,4.490309708301158,3.575187844927661,0.9995654882259823,0.4033275374402355,8.224734042553191,2701420,Day Day Up！,philosophy♂
Tomboy: Love in Hot Forge,2024-02-29,2,Indie,10169,3.99,30878.0,1.3421321457630302,88,88.0,True,False,4.48964916287183,4.007278247334244,0.6009728956867483,0.12779527838907756,3.0364834300324515,2732730,NSFW18 Games,Zylyx
Monster Tiles TD: Tower Wars,2024-02-11,2,Indie,25912,0.0,30820.0,23.330226717446127,80,80.0,True,True,4.4888326343824,4.41350093500212,,1.3679189591819818,1.1894103118246373,2447060,Swell Games LLC,Swell Games LLC
Sex City: 2069,2024-07-20,7,Indie,3751,14.99,30759.0,1.5297924373325982,65,65.0,True,False,4.487972212093585,3.574147064150723,1.1758016328482794,0.18463250961749375,8.20021327645961,2487130,Octo Games,Octo Games
Harvest Days: My Dream Farm,2024-07-25,7,Indie,3482,14.99,30652.0,18.14147562360472,71,71.0,True,False,4.486458816884649,3.5418287667813124,1.1758016328482794,1.2586726095776972,8.802986789201608,1515320,"Family Devs,Toplitz Productions",Family Devs
GUNVOLT RECORDS Cychronicle,2024-02-15,2,Indie,2470,14.99,30558.0,3.17849779945142,71,71.0,True,False,4.485124926559822,3.392696953259666,1.1758016328482794,0.5022219150943235,12.37165991902834,2585040,"INTI CREATES CO., LTD.","INTI CREATES CO., LTD."
BeachHead,2024-01-22,1,Indie,3520,14.99,30498.0,18.152256882140843,63,63.0,True,False,4.484271360086347,3.546542663478131,1.1758016328482794,1.2589306288501538,8.664204545454545,1288790,Digital Fusion Inc.,Digital Fusion Inc.
Witch's Doll,2024-05-24,5,Indie,4909,6.99,30419.0,1.8276383459174887,88,88.0,True,False,4.483144932872129,3.6909930320998696,0.8444771757456814,0.2618902614681847,6.196577714402118,2892000,Elite Lords Studios,Elite Lords Studios
Anno 1701 History Edition,2024-04-22,4,AAA,6151,9.99,30243.0,10.459053119326525,76,76.0,True,False,4.480624869462199,3.788945727023748,0.9995654882259823,1.019492368693254,4.916761502194765,2820140,Ubisoft,Ubisoft Mainz
IIslands of War,2024-03-10,3,Indie,3885,4.99,30192.0,11.074408043059782,87,87.0,True,False,4.479891882820856,3.5893910231369333,0.69810054562339,1.0443205213056312,7.771428571428571,1162470,jwiggs,jwiggs
GIRLDIVERS,2024-08-30,8,Indie,2795,14.99,30160.0,1.5064797203365987,93,93.0,True,False,4.479431337197736,3.446381812222442,1.1758016328482794,0.17796328973975076,10.790697674418604,2892310,Sweet Cakes Games,Sweet Cakes Games
Forsaken Quartet,2024-05-17,5,Indie,3187,12.99,30108.0,3.950541244010975,79,79.0,True,False,4.478681907362235,3.5033820634737327,1.113609151073028,0.5966566002301165,9.44712896140571,2377410,Kagura Games,AVANTGARDE
Unlucky Seven,2024-02-06,2,Indie,5591,7.99,30099.0,2.2119974374852376,47,47.0,True,False,4.478552066966061,3.747489492258673,0.9025467793139914,0.3447846195193398,5.383473439456269,579120,"SIG Publishing,Art Games Studio S.A.",Puzzling Dream
Scourge Of War - Remastered,2024-09-06,9,Indie,1747,18.99,29857.0,10.641074576383453,92,92.0,True,False,4.475046168127798,3.2422929049829308,1.2785249647370176,1.0269854868903479,17.090440755580996,2205330,Norb Software Development LLC,Norb Software Development LLC
Primateria,2024-01-08,1,Indie,3145,11.99,29843.0,6.623460498120785,85,85.0,True,False,4.474842478919821,3.497620649781288,1.0788191830988487,0.8210849505535132,9.489030206677263,1397130,Surefire.Games,Yfrit Games
Mutant Football League 2,2024-05-31,5,Indie,1325,24.99,29800.0,3.841531165408143,84,84.0,True,False,4.474216264076255,3.1222158782728267,1.39776625612645,0.5845043608639208,22.49056603773585,1657320,Digital Dreams Entertainment,Digital Dreams Entertainment
"SEX, Stocks & Cocks",2024-06-08,6,Indie,5320,9.99,29726.0,1.950707515099464,89,89.0,True,False,4.473136473456477,3.7259116322950483,0.9995654882259823,0.29019215709274293,5.587593984962406,2983270,Lust Desires 🖤,Lust Desires 🖤
Astrodle,2024-06-19,6,Indie,5885,5.99,29692.0,8.619566640734353,91,91.0,True,False,4.472639451880648,3.7697464671794534,0.7774268223893114,0.9354854316868004,5.045369583687341,2853130,Robin Nicolet,Robin Nicolet
Farmer's Father: Save the Innocence,2024-03-25,3,Indie,4012,9.99,29651.0,5.095922865792561,51,51.0,True,False,4.47203934482198,3.6033609243483804,0.9995654882259823,0.7072228456981372,7.390578265204387,1905980,"FreeMind S.A.,PlayWay S.A.",FreeMind S.A.
Anno 1503 History Edition,2024-04-22,4,AAA,6151,9.99,29631.0,6.115938992310643,66,66.0,True,False,4.471746308488267,3.788945727023748,0.9995654882259823,0.7864631445893687,4.817265485286946,2820110,Ubisoft,Ubisoft Mainz
PAC-MAN Mega Tunnel Battle: Chomp Champs,2024-05-08,5,Indie,1717,19.99,29626.0,3.111213621333812,65,65.0,True,False,4.471673018500091,3.2347702951609163,1.300812794118117,0.4929298315463077,17.254513686662783,2095950,Bandai Namco Entertainment America Inc.,Amber Studio
The Pony Factory,2024-01-18,1,Indie,10069,3.99,29544.0,0.6334106168309567,0,,False,False,4.470469294642922,4.002986340856785,0.6009728956867483,-0.19831466153174557,2.9341543350878934,2536530,David Szymanski,"David Szymanski,John Szymanski"
Microcosmum 2,2024-03-02,3,Indie,2547,14.99,29539.0,8.508756292668476,62,62.0,True,False,4.470395788815029,3.406028944963615,1.1758016328482794,0.9298660847961642,11.597565763643502,1486140,Satur Entertainment,Satur Entertainment
Death Trick: Double Blind,2024-03-11,3,Indie,2348,15.99,29423.0,4.311320357436231,87,87.0,True,False,4.468686951770906,3.370698092575577,1.2038484637462348,0.6346102947855928,12.531090289608176,2254710,Neon Doctrine,Misty Mountain Studio
Clash II,2024-02-15,2,Indie,2296,24.99,29349.0,5.446121753796074,69,69.0,True,False,4.467593308245282,3.3609718837259357,1.39776625612645,0.7360873462236889,12.78266550522648,1347760,Prime Bit Games SA,Prime Bit Games SA
Mobiles Tycoon,2024-07-15,7,Indie,5863,5.99,29315.0,6.253715412674853,85,85.0,True,False,4.4670898985208165,3.7681198941847973,0.7774268223893114,0.79613811395247,5.0,3022320,Insignis Games,Insignis Games
[ECHOSTASIS],2024-05-30,5,Indie,1764,19.99,29284.0,7.066791492048213,92,92.0,True,False,4.466630398181393,3.246498580795801,1.300812794118117,0.8492222775056393,16.600907029478456,1558000,ENIGMA STUDIO,ENIGMA STUDIO
8th Heaven,2024-07-29,7,Indie,2562,14.99,29280.0,1.7129255284405749,84,84.0,True,False,4.466571072386354,3.4085791254086675,1.1758016328482794,0.23373848188531557,11.428571428571429,2321860,TinyHat Studios,Cottage Club
战国女神,2024-01-19,1,Indie,4891,0.0,29152.0,39.16769978517894,73,73.0,True,True,4.464668355292904,3.6893976628212823,,1.5929280673370707,5.960335309752606,2706730,战国女神,战国女神
Goons: Legends & Mayhem,2024-04-11,4,Indie,1982,19.99,29102.0,3.0503787045516324,89,89.0,True,False,4.463922836378235,3.2971036501492565,1.300812794118117,0.4843537603589794,14.683148335015137,1484180,Firestoke,RageCure Games
Homeless,2024-08-03,8,Indie,4825,6.99,29094.0,1.0481992029999825,77,77.0,True,False,4.463803434499168,3.6834973176798114,0.8444771757456814,0.020443825150164272,6.029844559585492,3018910,"DarkPhobia Games,Teaserplay",DarkPhobia Games
No Return,2024-08-02,8,Indie,2075,16.99,29045.0,1.6968528516564485,43,43.0,True,False,4.463071380812248,3.3170181010481117,1.2301933788690456,0.22964418263326464,13.997590361445782,1967220,Boltray Games,BlameTech
Lust Mansion 🔞,2024-06-01,6,Indie,5215,9.99,29037.0,1.916627332247729,87,87.0,True,False,4.462951744578055,3.7172543127625497,0.9995654882259823,0.2825376771544632,5.567976989453499,2936260,Lust Desires 🖤,Lust Desires 🖤
Survival Nation: Lost Horizon,2024-04-15,4,Indie,2465,14.99,28857.0,4.066106045541831,63,63.0,True,False,4.460251179454363,3.391816923613249,1.1758016328482794,0.6091787010096137,11.706693711967546,2504380,indie.io,Wenkly Studio Sp. z o.o.
Tactic Boxing,2024-03-24,3,Indie,3970,9.99,28857.0,7.929103182478144,78,78.0,True,False,4.460251179454363,3.598790506763115,0.9995654882259823,0.8992240694202107,7.268765743073048,2740280,Stately Eagle Games,Stately Eagle Games
Criminal Attraction,2024-07-26,7,Indie,3389,9.99,28741.0,4.776792523236554,83,83.0,True,False,4.4585018746863945,3.530071568837378,0.9995654882259823,0.6791363784049141,8.480672764827382,2775050,Space Samurai Studio,Space Samurai Studio
Elf boss's dog training,2024-01-16,1,Indie,4593,7.99,28692.0,3.882277922403346,81,81.0,True,False,4.4577608221634,3.6620964454179235,0.9025467793139914,0.5890866222027197,6.24689745264533,1988080,"Playmeow,ACG creator",Giver
Border Bots VR,2024-02-08,2,AA,1867,19.99,28685.0,2.740666435942031,88,88.0,True,False,4.45765485421846,3.2711443179490782,1.300812794118117,0.4378561811633305,15.364220674879483,874440,Team17,"Paw Print Games Ltd.,vTime Ltd"
Crystal Guardians,2024-03-15,3,Indie,2585,13.99,28629.0,17.725350604853798,95,95.0,True,False,4.456806178546688,3.412460547429961,1.1458177144918276,1.2485948342216726,11.07504835589942,2322090,Green Pine Studios,Green Pine Studios
Against Great Darkness,2024-04-10,4,Indie,5026,6.99,28579.0,4.760527244357026,95,95.0,True,False,4.456047028440957,3.701222484256557,0.8444771757456814,0.6776550549545876,5.686231595702348,2302150,Hitreg Studios,Hitreg Studios
Akai Onna,2024-01-04,1,Indie,12475,2.99,28485.0,0.692439412021328,89,89.0,True,False,4.454616223792699,4.096040554295428,0.4756711883244297,-0.15961822107356333,2.283366733466934,2674190,Yamoto,Yamoto
House of Lust,2024-03-20,3,Indie,2833,11.99,28483.0,1.974001166062908,74,74.0,True,False,4.454585729867542,3.452246574520437,1.0788191830988487,0.2953474048759365,10.054006353688669,2656980,Shady Corner Games,FrozenLettuce
Book of Korvald,2024-06-16,6,Indie,1459,24.99,28463.0,8.076809339919043,97,97.0,True,False,4.4542806727960995,3.1640552918934515,1.39776625612645,0.9072398311048786,19.50856751199452,2132380,Shady Corner Games,Punching Donut
Mines and Magic,2024-03-25,3,Indie,3910,14.99,28188.0,9.086870277290796,72,72.0,True,False,4.45006426282523,3.5921767573958667,1.1758016328482794,0.9584143281780911,7.209207161125319,884640,Zolden Games,Zolden Games
奕剑江湖,2024-08-06,8,Indie,63989,0.0,28044.0,10.34215016430438,85,85.0,True,True,4.447839958439852,4.806105323204325,,1.0146108392816626,0.4382628264232915,2701510,Star-Star Studio,Star-Star Studio
To Be In Love With Girls Group,2024-03-26,3,Indie,3700,9.99,27883.0,4.368679644745055,68,68.0,True,False,4.445339498742793,3.568201724066995,0.9995654882259823,0.6403501990651433,7.535945945945946,2817530,光禾文化,光禾文化
定制女友,2024-04-27,4,Indie,4027,8.99,27860.0,2.773132909438211,81,81.0,True,False,4.4449811120879446,3.6049816296074315,0.9537596917332288,0.4429706847427924,6.918301465110504,2791020,deep field,deep field
Coloring Game: Studio,2024-01-19,1,Indie,2378,19.99,27849.0,81.41022393033064,99,99.0,True,False,4.444809605172975,3.376211850282673,1.300812794118117,1.910678949332721,11.711101766190076,2231040,L. Stotch,L. Stotch
Tendryll,2024-04-30,4,Indie,1865,17.99,27758.0,12.719284465800968,87,87.0,True,False,4.443388171427827,3.2706788361447066,1.2550311633455513,1.1044626803929836,14.883646112600536,1915780,Brute Farce,Brute Farce
Mirage Feathers,2024-09-06,9,Indie,6859,4.99,27717.0,1.1706268898128227,100,100.0,True,False,4.442746221828905,3.836260802858487,0.69810054562339,0.06841849582736875,4.040968071147398,2719060,oyasumi Workshop,oyasumi Workshop
2番線 | Nibansen,2024-01-18,1,Indie,6602,4.99,27542.0,1.2029222325691964,81,81.0,True,False,4.439995473953808,3.8196755199942927,0.69810054562339,0.08023755164760137,4.171766131475311,2699510,MFC STUDIO,MFC STUDIO
DEATHWATCHERS,2024-07-12,7,Indie,2826,11.99,27529.0,6.492901941159936,91,91.0,True,False,4.439790435789634,3.45117215751254,1.0788191830988487,0.8124388440040173,9.741330502477,2599370,SWAIN GAMES,SWAIN GAMES
Flying High,2024-05-10,5,Indie,2377,14.99,27484.0,0.8681633293180607,65,65.0,True,False,4.439079939868871,3.3760291817281805,1.1758016328482794,-0.0613985624401416,11.562473706352543,2909410,Affect3D,Affect3D
Ufouria: The Saga 2,2024-02-28,2,Indie,1279,24.99,27474.0,3.297133300428793,94,94.0,True,False,4.438921893911341,3.106870544478654,1.39776625612645,0.5181365056722365,21.480844409695077,2685090,SUNSOFT,SUNSOFT
Necroking,2024-09-04,9,Indie,6773,4.99,27369.0,3.0815895559559663,85,85.0,True,False,4.437258929583457,3.830781075606361,0.69810054562339,0.48877479354725106,4.040897681972538,2852980,Alawar,KORO.GAMES
Captain Firehawk and the Laser Love Situation,2024-02-09,2,Indie,3431,9.99,27368.0,1.8602411007512127,76,76.0,True,False,4.437243061177006,3.5354207180561734,0.9995654882259823,0.2695692355835269,7.976683182745555,2054690,Portland Caviar,Portland Caviar
Right and Down and Dice,2024-01-23,1,Indie,2950,11.99,27336.0,8.24860646412999,87,87.0,True,False,4.4367349657907065,3.469822015978163,1.0788191830988487,0.9163805841792512,9.266440677966102,2228010,mc2games,mc2games
On Dark Terms,2024-02-06,2,Indie,2200,7.99,27226.0,6.475462698359167,69,69.0,True,False,4.434983840181938,3.342422680822206,0.9025467793139914,0.8112708059833659,12.375454545454543,2159530,Dimensionless Games,Dimensionless Games
Gym Manager,2024-07-31,7,AA,3748,9.99,27202.0,4.666010702410133,73,73.0,True,False,4.434600836278021,3.5737995822157407,0.9995654882259823,0.6689457305983967,7.257737459978656,2337460,PlayWay S.A.,Han GAMES
Saving Mrs. Hinako,2024-03-11,3,Indie,2478,14.99,27180.0,3.805478102347424,86,86.0,True,False,4.434249452396475,3.3941013020400446,1.1758016328482794,0.5804092272478385,10.968523002421309,2626240,Shiravune,Studio Pork
Sister's Curriculum,2024-04-18,4,Indie,1929,16.99,27085.0,5.77800014739662,97,97.0,True,False,4.432728839923222,3.2853322276438846,1.2301933788690456,0.7617775485870182,14.040953862104718,2865590,WAZAZAK,WAZAZAK
The Witch's Cauldron,2024-01-24,1,Indie,10808,7.99,27071.0,3.7517024297797663,92,92.0,True,False,4.432504298861027,4.033745336013975,0.9025467793139914,0.5742283845498786,2.504718726868986,2251010,Harvey games,Harvey games
ODDADA,2024-08-15,8,Indie,3310,9.99,27005.0,2.9408445555530567,97,97.0,True,False,4.431444181617212,3.519827993775719,0.9995654882259823,0.4684720695768844,8.158610271903322,1627870,Sven Ahlgrimm,"Sven Ahlgrimm,Mathilde Hoffmann,Bastian Clausdorff"
所谓侠客 So-called Hero,2024-02-14,2,Indie,1774,18.99,26984.0,11.002328810495042,84,84.0,True,False,4.431106328181145,3.2489536154957075,1.2785249647370176,1.0414846199311196,15.210822998872604,1116080,NewSmile Games,NewSmile Games
Dojo Masters,2024-07-17,7,Indie,2357,14.99,26897.0,4.809430831728505,95,95.0,True,False,4.429703842972572,3.3723595825243238,1.1758016328482794,0.6820936831793284,11.41154009333899,2538000,Pixeled Vision,Pixeled Vision
Speed Crew,2024-01-31,1,Indie,1695,19.99,26802.0,3.066085176262451,100,100.0,True,False,4.428167202855482,3.229169702539101,1.300812794118117,0.48658421544560726,15.812389380530972,2367480,Wild Fields,Wild Fields
Voyager-19,2024-05-19,5,Indie,8793,3.99,26619.0,0.6285501794880277,90,90.0,True,False,4.425191736238603,3.944137073158098,0.6009728956867483,-0.201660045257519,3.027294438758103,2925510,Deep Root Interactive,Deep Root Interactive
Speedway Challenge 2024,2024-04-01,4,Indie,18737,0.0,26579.0,17.326728582072302,71,71.0,True,True,4.424538637154054,4.272700056789586,,1.2387165723578537,1.4185301809254416,2750960,Artur Berkowski Berobasket,Artur Berkowski Berobasket
Baisu,2024-05-30,5,Indie,2991,9.99,26577.0,1.3899661468439524,87,87.0,True,False,4.424505956404404,3.475816413031318,0.9995654882259823,0.14300422297502718,8.885656970912738,2821850,Tripleducks studio,Tripleducks studio
DunHero,2024-02-12,2,Indie,4457,7.99,26516.0,7.653905015173358,90,90.0,True,False,4.4235080103454925,3.6490426340861766,0.9025467793139914,0.8838830683350394,5.949293246578416,2270210,Dev Kacper,Dev Kacper
Empires Shall Fall,2024-02-19,2,Indie,2586,12.99,26457.0,5.06349975482512,92,92.0,True,False,4.422540597322725,3.4126285205443754,1.113609151073028,0.7044507932868627,10.230858468677496,1477170,"Weird Penguin Games,Electronic Sheep Games",Weird Penguin Games
Night Bus,2024-04-08,4,Indie,6008,4.99,26436.0,0.8439386307135183,89,89.0,True,False,4.422195743198392,3.778729923996112,0.69810054562339,-0.07368913312731006,4.400133155792277,2820800,Liquid Static Studio,Liquid Static Studio
Descending The Woods,2024-07-12,7,Indie,1876,18.99,26435.0,4.11667969946909,54,54.0,True,False,4.42217931474113,3.2732328340430454,1.2785249647370176,0.6145470777906497,14.091151385927503,2868070,AIONWARE LTD,AIONWARE LTD
One-inch Tactics,2024-05-19,5,Indie,1790,19.99,26321.0,5.338793062420716,96,96.0,True,False,4.42030238517869,3.2528530309798933,1.300812794118117,0.7274430874451863,14.704469273743015,2743970,KOMODO,KOGADO STUDIO
ZOMBIE RAID: No One Survives,2024-07-12,7,Indie,1912,14.99,26312.0,7.861631492084579,56,56.0,True,False,4.420153860474598,3.2814878879400813,1.1758016328482794,0.8955126827421416,13.761506276150628,688540,Red Dot Studio,Red Dot Studio
Drake's Dungeon,2024-01-15,1,Indie,827,34.99,26043.0,5.879234362977851,92,92.0,True,False,4.415691010940724,2.9175055095525466,1.5439439424829065,0.7693207727455276,31.49093107617896,2313670,hotchaWorks,hotchaWorks
Taskmaster VR,2024-06-19,6,Indie,1253,24.99,26027.0,1.2380134733088026,51,51.0,True,False,4.4154241120765345,3.09795107099415,1.39776625612645,0.09272537113953173,20.77174780526736,2698450,Draw & Code,Scallywag Arcade
永恒幻境 Eternal Dreamland,2024-01-31,1,Indie,4968,6.99,26013.0,6.974941044986054,46,46.0,True,False,4.415190440943048,3.6961815871685237,0.8444771757456814,0.843540541129084,5.236111111111111,2722270,Eternal,Eternal
Footgun: Underground,2024-04-30,4,Indie,2349,14.99,25998.0,4.073246333939646,91,91.0,True,False,4.414939939418018,3.370883016777606,1.1758016328482794,0.6099406753046863,11.067688378033203,2206240,CobraTekku Games,Turtle Knight Games
Populous™: The Beginning,2024-03-07,3,AAA,13253,4.99,25991.0,7.955810905167381,90,90.0,True,False,4.414822989240416,4.122314197968806,0.69810054562339,0.9006844522027362,1.9611408737644307,2616430,Electronic Arts,Bullfrog Productions
Dungeons and Robots,2024-01-23,1,Indie,6096,8.99,25961.0,3.345569342795724,44,44.0,True,False,4.414321417177539,3.785044958331544,0.9537596917332288,0.5244700358240121,4.258694225721785,386650,Glow Games Studio,Glow Games Studio
東方幻想魔録W ～ The Devil of Decline,2024-03-28,3,Indie,971,29.99,25957.0,33.79966654377854,95,95.0,True,False,4.414254497113937,2.9872192299080047,1.476976465759527,1.5289124156944802,26.732234809474768,2250790,mebius.,ハチクマソフト
Astor: Blade of the Monolith,2024-05-30,5,Indie,1257,24.99,25886.0,6.763298604016614,76,76.0,True,False,4.4130649468374115,3.0993352776859577,1.39776625612645,0.8301585622314752,20.593476531424024,1989320,"Versus Evil,tinyBuild",C2 Game Studio
Elf Discipline Ceremony,2024-02-23,2,Indie,3364,10.99,25798.0,1.317406278655748,69,69.0,True,False,4.411586038419363,3.5268559871258747,1.0409976924234905,0.11971972892411292,7.66884661117717,2696060,072 Project,Flag shadow
Lord of Rigel,2024-08-25,8,Indie,1683,19.99,25727.0,15.755765649770373,64,64.0,True,False,4.410389146513233,3.226084115975824,1.300812794118117,1.197439512517374,15.286393345216874,437440,Rhombus Studios,Rhombus Studios
Coin Factory,2024-06-21,6,Indie,5722,4.99,25657.0,5.457562492504714,84,84.0,True,False,4.409205874189573,3.757547853469244,0.69810054562339,0.736998717353155,4.483921705697308,2992500,Lino Rabolini,Lino Rabolini
El Dorado: The Golden City Builder,2024-06-17,6,Indie,1832,17.99,25637.0,3.0580108439931446,66,66.0,True,False,4.408867203386819,3.2629254693318317,1.2550311633455513,0.4854390211279803,13.993995633187772,1451470,"Gameparic,Games Incubator","Hobo Bunch,Gameparic"
戦国ブシドー〜大野望の巻〜,2024-07-16,7,Indie,6549,0.0,25618.0,3.397036159430714,50,50.0,True,True,4.408545221315446,3.816174990428802,,0.5311001697012462,3.9117422507253017,3038820,©︎ Kaiser (Overseas) Limited,©︎ Kaiser (Overseas) Limited
Oji-Mama/憧れのガチムチおじさんがボクだけのドスケベママになっちゃった❤,2024-05-23,5,Indie,1138,25.0,25605.0,1.589665166121501,100,100.0,True,False,4.408324780170415,3.056142262059052,1.3979400086720377,0.20130565776738596,22.5,2725330,SKSK団,SKSK団
Scorchlands,2024-07-25,7,Indie,2935,11.99,25601.0,4.906361017315902,95,95.0,True,False,4.408256929608717,3.467608105583633,1.0788191830988487,0.6907595010778039,8.722657580919932,1090100,Star Drifters,Ringlab
Amazing Grace -What color is your attribute?-,2024-04-25,4,Indie,1092,34.99,25577.0,12.860570848587352,94,94.0,True,False,4.40784960347914,3.0382226383687185,1.5439439424829065,1.1092602462623256,23.42216117216117,2553910,Shiravune,Cabbage Soft
Beat Slayer,2024-04-04,4,Indie,1653,19.99,25573.0,4.566483504479899,95,95.0,True,False,4.407781678633348,3.2182728535714475,1.300812794118117,0.6595818931836878,15.470659407138536,2089830,"ByteRockers' Games,Paras Games",ByteRockers' Games
Reigns: Three Kingdoms,2024-01-11,1,AA,11023,2.99,25568.0,9.394821914426831,52,52.0,True,False,4.4076967576338975,4.042299807413626,0.4756711883244297,0.9728885521518439,2.3195137439898392,2437040,Devolver Digital,Nerial
Orrstead,2024-03-06,3,Indie,2404,12.99,25518.0,4.8784450445901175,85,85.0,True,False,4.4068466330976666,3.380934463330702,1.113609151073028,0.688281417050539,10.614808652246255,693940,IndividualKex,IndividualKex
Just Another Night Shift,2024-03-28,3,Indie,4927,6.99,25488.0,3.699649889980997,93,93.0,True,False,4.406335758457057,3.692582562274909,0.8444771757456814,0.5681606272984489,5.173127663892835,2331130,RantaKoira,"RantaKoira,FinnGames"
Worm Nest Plague,2024-07-16,7,Indie,4051,6.99,25484.0,5.962315535452199,93,93.0,True,False,4.406267596410004,3.607562243183588,0.8444771757456814,0.7754149558763512,6.290792396939027,2666590,ST Hot Dog King,ST Hot Dog King
TRAMCITY HAKODATE,2024-01-04,1,Indie,1888,14.99,25471.0,2.946587843328908,100,100.0,True,False,4.4060459958453,3.27600198996205,1.1758016328482794,0.4693193927599823,13.490995762711863,2614000,TRAMWORKS,TRAMWORKS
MAOUISHO:~ La Dolce Vita with Another World's Demon Lord~,2024-08-09,8,Indie,1238,24.99,25454.0,2.566796088307798,91,91.0,True,False,4.405756039773956,3.0927206446840994,1.39776625612645,0.4093913687726386,20.560581583198708,2602770,072 Project,ボウサバG
KAMLA,2024-05-07,5,Indie,4750,7.99,25205.0,3.201889765586553,93,93.0,True,False,4.40148670177417,3.6766936096248664,0.9025467793139914,0.5054063759837897,5.306315789473684,2585270,Mad-Mantra Games,Mad-Mantra Games
Midnight Ramen,2024-07-23,7,Indie,2575,11.99,25107.0,3.010670659560389,99,99.0,True,False,4.399794822578217,3.41077723337721,1.0788191830988487,0.47866325017949896,9.750291262135924,2543030,Cointinue Games,Cointinue Games
Haruka Ao no Hanayome ni,2024-08-09,8,Indie,1235,29.99,25078.0,6.674226319823847,99,99.0,True,False,4.399292898043911,3.0916669575956846,1.476976465759527,0.8244009292867316,20.30607287449393,2947230,HIKARI FIELD,Lump of Sugar
Sherwood Extreme,2024-04-29,4,Indie,1589,19.99,25077.0,3.596430164747675,78,78.0,True,False,4.3992755799507215,3.2011238972073794,1.300812794118117,0.5558716316160378,15.781623662680932,1340180,CAGE Studios,CAGE Studios
ESCAPE FROM BOYKISSER,2024-02-10,2,Indie,26650,1.99,25071.0,1.5818382138488385,84,84.0,True,False,4.399171656886836,4.425697213362591,0.29885307640970665,0.1991620629633506,0.940750469043152,2708280,akhsotoen,akhsotoen
Game Store Simulator,2024-08-20,8,Indie,6470,4.99,25070.0,4.17682057665008,84,84.0,True,False,4.399154333958217,3.8109042806687006,0.69810054562339,0.6208458197122296,3.874806800618238,2598930,Pex Entertainment,Pex Entertainment
Sex Universe [18+],2024-05-11,5,Indie,4485,9.99,25061.0,1.3838816447480855,72,72.0,True,False,4.398998396499194,3.651762447380111,0.9995654882259823,0.1410989490580497,5.587736900780379,2888360,Octo Games,Octo Games
Destiny Online,2024-03-30,3,Indie,3047,0.0,24986.0,128.7942781499453,82,82.0,True,True,4.3976967356393635,3.4838724542226736,,2.10989656936616,8.20019691499836,2841010,Destiny10.com,Destiny10.com
"Girls on Campus, from Freshmen to Faculty, All Fall for Me!",2024-08-15,8,Indie,5650,6.99,24952.0,8.789299939559351,89,89.0,True,False,4.397105361749087,3.7520484478194387,0.8444771757456814,0.9439542852564778,4.416283185840708,3029990,"Girls on Campus, from Freshmen to Faculty, All Fall for Me!","Girls on Campus, from Freshmen to Faculty, All Fall for Me!"
Strayed,2024-04-19,4,Indie,1512,19.99,24912.0,21.136065774131144,77,77.0,True,False,4.396408595224045,3.1795517911651876,1.300812794118117,1.3250241517701569,16.476190476190474,2359470,Crustacean Interactive,Crustacean Interactive
UBOAT: The Silent Wolf VR,2024-06-19,6,Indie,1499,19.99,24828.0,2.313831093937943,67,67.0,True,False,4.39494173671336,3.1758016328482794,1.300812794118117,0.3643316529527898,16.56304202801868,1455390,Titan GameZ,Titan GameZ
Hatsune Miku - The Planet Of Wonder And Fragments Of Wishes,2024-04-21,4,Indie,1121,29.99,24809.0,2.202186541138209,66,66.0,True,False,4.394609259103546,3.049605612594973,1.476976465759527,0.3428541040797149,22.13113291703836,2477920,KOMODO,Crypton Future Media
Dawnsbury Days,2024-03-08,3,Indie,5954,4.99,24711.0,5.791491841946118,98,98.0,True,False,4.392890320703347,3.774808830310706,0.69810054562339,0.7627904489210704,4.150319113201209,2693730,Dawnsbury Studios,Dawnsbury Studios
Isabella: Chasing Shadows,2024-06-21,6,Indie,2663,11.99,24675.0,2.593236273079848,92,92.0,True,False,4.392257161341674,3.425371166438941,1.0788191830988487,0.4138420876988149,9.265865565152083,2703180,Badtimetales,Badtimetales
CROPS!,2024-07-17,7,Indie,3684,7.99,24620.0,3.474930930601481,89,89.0,True,False,4.391288048595298,3.566319621524811,0.9025467793139914,0.5409461767659154,6.682953311617807,3057760,Bocary Studios,Bocary Studios
Skelethrone: The Chronicles of Ericona,2024-08-07,8,Indie,2106,14.99,24562.0,7.958073901311823,83,83.0,True,False,4.39026372702938,3.3234583668494677,1.1758016328482794,0.9008079678315943,11.66286799620133,2139840,Valkyrie Initiative,70`Strike
Stellar Orphans,2024-03-25,3,Indie,1926,19.99,24519.0,13.103214310311111,75,75.0,True,False,4.389502753638463,3.2846562827885157,1.300812794118117,1.1173778442052444,12.730529595015575,1844130,Artifex Parvus,Artifex Parvus
Rumble Club,2024-04-23,4,Indie,33980,0.0,24402.0,9.2343461987409,75,75.0,True,True,4.387425422788231,4.531223374533027,,0.9654061523663463,0.7181283107710418,2639810,Mad Mushroom,"Lightfox Games, Inc."
Acolyte of the Altar,2024-03-25,3,Indie,1540,19.99,24374.0,4.564088681505565,74,74.0,True,False,4.386926806795569,3.187520720836463,1.300812794118117,0.6593540742900735,15.827272727272728,2288880,Black Kite Games,Black Kite Games
It was a human.,2024-07-26,7,Indie,5919,4.99,24206.0,1.635386691608368,79,79.0,True,False,4.383923028952161,3.7722483399718536,0.69810054562339,0.21362045924428433,4.089542152390607,2484160,GAMER Plan,Loser/s
Camp Canyonwood,2024-02-26,2,Indie,1890,19.99,24136.0,7.230023662650743,66,66.0,True,False,4.382665297166932,3.2764618041732443,1.300812794118117,0.8591397186696108,12.77037037037037,1374170,Graffiti Games,Deli Interactive LLC
Ashes of the Union,2024-07-23,7,Indie,2062,12.99,24106.0,6.128064856128352,82,82.0,True,False,4.3821251522253215,3.3142886609474975,1.113609151073028,0.7873233529870818,11.6905916585839,3091390,700 Games Studio,700 Games Studio
SCP: Descent,2024-03-20,3,Indie,4272,6.99,24090.0,1.3734348998612604,58,58.0,True,False,4.381836799998343,3.6306312440205,0.8444771757456814,0.13780807889959526,5.639044943820225,2757220,Pixel Drip Games,Pixel Drip Games
ONE BTN BOSSES,2024-08-06,8,Indie,2454,11.99,24086.0,2.771675621037209,89,89.0,True,False,4.381764682017124,3.3898745583909853,1.0788191830988487,0.44274240190049385,9.814995925020376,1910600,"Midnight Munchies,Outersloth",Midnight Munchies
The World of Gangs,2024-04-16,4,Indie,3344,7.99,23966.0,1.6007193284361896,56,56.0,True,False,4.3795955549810985,3.524266268766979,0.9025467793139914,0.20431518901031975,7.166866028708134,1925040,Playmeow,Cosemen Gaming
Mareld,2024-05-02,5,Indie,4229,6.99,23913.0,7.149109966051024,93,93.0,True,False,4.378634063849602,3.6262376851469003,0.8444771757456814,0.8542519773405424,5.654528257271222,2336580,Renka,Renka
Boldly Forward,2024-02-07,2,Indie,7022,3.99,23873.0,15.315030346177886,47,47.0,True,False,4.377906998042317,3.8464608251293324,0.6009728956867483,1.1851178616822289,3.399743662774138,2758280,SmallMill,SmallMill
TV Studio Story,2024-03-06,3,Indie,3189,8.99,23794.0,7.569713766047223,93,93.0,True,False,4.3764674572495945,3.5036545192429593,0.9537596917332288,0.8790794578122971,7.461273126371903,2732020,"Kairosoft Co.,Ltd","Kairosoft Co.,Ltd"
NARIBIKIMURA,2024-08-16,8,Indie,2313,12.99,23719.0,1.7685553438239612,82,82.0,True,False,4.375096375095397,3.3641756327706194,1.113609151073028,0.2476186548441689,10.254647643752705,2693860,DorsalFin Studio,DorsalFin Studio
Kanna Maze,2024-05-15,5,Indie,8150,3.99,23718.0,3.6680798219231856,89,89.0,True,False,4.3750780647266145,3.9111576087399764,0.6009728956867483,0.5644387778822751,2.9101840490797546,2876250,致意,致意
Mori Carta,2024-03-25,3,Indie,1627,14.99,23628.0,11.214485432444643,71,71.0,True,False,4.373426962185743,3.2113875529368587,1.1758016328482794,1.0497793511265892,14.52243392747388,1570830,Nevergreen Games,Nevergreen Games
Machick,2024-03-22,3,Indie,3991,6.99,23624.0,4.499842553564392,91,91.0,True,False,4.373353433957022,3.6010817277840235,0.8444771757456814,0.6531973183721397,5.919318466549737,2811200,No Serious Games,No Serious Games
Dünnes Eis - Das Spiel zum Song,2024-05-16,5,Indie,6564,3.99,23571.0,0.9798791592039828,100,100.0,True,False,4.372378007864557,3.8171685723810556,0.6009728956867483,-0.008827479130739115,3.590950639853748,2961990,"Lorke Records, Inh. Anne Baumann","Baumann Bergmann Pokinsson,Jan Baumann"
Shell Runner,2024-07-15,7,Indie,1956,14.99,23560.0,1.843664561462228,65,65.0,True,False,4.3721752861150645,3.291368850451583,1.1758016328482794,0.2656819078468492,12.044989775051125,2622280,indie.io,Reija
Memories Off,2024-01-31,1,AA,3003,9.99,23373.0,7.253682427332118,93,93.0,True,False,4.368714459068627,3.477555332198981,0.9995654882259823,0.8605585378619574,7.783216783216783,675610,"Spike Chunsoft Co., Ltd.",MAGES. Inc.
11F,2024-04-19,4,Indie,3998,8.99,23351.0,1.318908909352338,83,83.0,True,False,4.368305483839283,3.601842789782098,0.9537596917332288,0.12021480196659608,5.840670335167584,1847120,PUMPKIM,PUMPKIM
Closer the Distance,2024-08-01,8,AA,1414,19.99,23329.0,4.338909136652807,92,92.0,True,False,4.367896123114806,3.150449409460881,1.300812794118117,0.6373805554383888,16.498585572842998,1991300,Skybound Games,Osmotic Studios
Messy Up,2024-06-13,6,Indie,3563,7.99,23195.0,3.766875545151142,86,86.0,True,False,4.365394376854779,3.5518158223510157,0.9025467793139914,0.5759812716641164,6.509963513892787,2572560,"Liquid Meow,Athenes game",Liquid Meow
Memories Off6 T-wave,2024-01-31,1,AA,1976,14.99,23150.0,6.966698098251904,98,98.0,True,False,4.364550995353972,3.295786940251609,1.1758016328482794,0.8430269907980756,11.715587044534413,2184580,"Spike Chunsoft Co., Ltd.",MAGES. Inc.
Trash of the Titans,2024-05-29,5,Indie,3282,8.99,23097.0,6.117247158799763,98,98.0,True,False,4.3635555743486005,3.5161385767170743,0.9537596917332288,0.7865560279122877,7.037477148080439,2450400,Thayer and Back Again,Thayer and Back Again
You are Peter Shorts,2024-05-10,5,Indie,1872,14.99,23078.0,4.081238052224595,90,90.0,True,False,4.363198169015764,3.2723058444020863,1.1758016328482794,0.6107919272291278,12.327991452991451,2352640,ondydev,ondydev
The Corpsmen,2024-09-06,9,Indie,1558,19.99,23047.0,5.533476840841409,59,59.0,True,False,4.3626144018194015,3.1925674533365456,1.300812794118117,0.7429980966416011,14.792682926829269,1571960,Multicell Games,Multicell Games
Tank Operations: European Campaign,2024-02-26,2,Indie,2520,19.99,23043.0,37.79769683862818,85,85.0,True,False,4.362539019830598,3.401400540781544,1.300812794118117,1.5774653373835568,9.14404761904762,844860,2tainment GmbH,Linked Dimensions
Wife of My Boss,2024-05-04,5,Indie,7011,4.99,22990.0,0.8192399888945472,67,67.0,True,False,4.361538971269279,3.8457799671118895,0.69810054562339,-0.08658885698790655,3.279132791327913,2143980,Love Seekers,Love Seekers
Dragons Legacy,2024-03-26,3,Indie,5086,4.99,22960.0,20.90752054042036,77,77.0,True,False,4.360971883725936,3.7063763558396903,0.69810054562339,1.3203025321260533,4.514353126228864,2520410,Beawesome Games LLC,Beawesome Games
Sarah's Adventure: Time Travel,2024-06-25,6,Indie,28251,0.0,22916.6017927192,59.72976019596694,87,87.0,True,True,4.360150218352647,4.451033825139367,,1.7761907711378746,0.8111784288244381,2994430,NUTS POWER ONLINE ENTERTAINMENT LIMITED,NUTS POWER ONLINE ENTERTAINMENT LIMITED
CorpoNation: The Sorting Process,2024-02-22,2,Indie,2451,12.99,22893.0,5.269078475631346,84,84.0,True,False,4.3597027082741135,3.389343311252078,1.113609151073028,0.7217346668361888,9.340269277845778,2159960,Playtonic Friends,Canteen
Fallen Saint Yhoundeh,2024-05-31,5,Indie,2395,12.99,22844.0,3.7476450541717714,70,70.0,True,False,4.358772151492734,3.379305517750582,1.113609151073028,0.5737584513954909,9.53820459290188,2864860,Kagura Games,MOEKOUBOU
Neon Tail,2024-02-16,2,Indie,2679,24.99,22808.0,4.141155275797389,90,90.0,True,False,4.358087204301404,3.427972713608209,1.39776625612645,0.6171215150128083,8.513624486748787,1126270,Rocket Juice Games,"Fei,Leo,Yang"
Far Lands,2024-01-19,1,Indie,2677,24.99,22800.0,7.691365522489354,69,69.0,True,False,4.357934847000454,3.4276483711869328,1.39776625612645,0.8860034511453793,8.516996638027642,1500940,Scalpel Softworks,Scalpel Softworks
Welcome to Paradise Island,2024-08-30,8,Indie,2112,14.99,22790.0,2.7517675969656303,80,80.0,True,False,4.357744325180375,3.3246939138617746,1.1758016328482794,0.4396117523769152,10.790719696969695,2790680,Kagura Games,Resta!
Loopstructor,2024-08-07,8,Indie,5508,4.99,22701.0,6.452068776829051,87,87.0,True,False,4.35604498868723,3.740993931584886,0.69810054562339,0.8096989881710683,4.121459694989107,2726870,Pone Games,Pone Games
Brocula,2024-05-09,5,Indie,1336,19.99,22581.0,2.113117699239853,51,51.0,True,False,4.353743170753935,3.125806458139527,1.300812794118117,0.32492368763764173,16.901946107784433,1364740,Destroyer Doggo,Destroyer Doggo
Songs Of Death,2024-07-30,7,AA,3966,6.99,22568.0,4.412881401957557,86,86.0,True,False,4.35349307314731,3.598352709869284,0.8444771757456814,0.6447222557572944,5.690368129097327,2276420,Lightning Games,"DreamStep,Wild Kid Games"
Buckshot With Friends,2024-02-19,2,Indie,6685,3.99,22509.0,0.6779560081356253,52,52.0,True,False,4.352356201169828,3.8251014115980033,0.6009728956867483,-0.16879848613853954,3.3670905011219148,2808270,yythgim,yythgim
Lilja and Natsuka Painting Lies,2024-07-24,7,Indie,1085,22.99,22449.0,8.273406759307356,100,100.0,True,False,4.351196999942697,3.0354297381845483,1.361538971269279,0.917684376796857,20.69032258064516,2840900,"Frontwing USA,Bushiroad Inc.",Frontwing
ERO TRAP DUNGEON ROGUELIKE,2024-07-10,7,Indie,1662,14.99,22422.0,8.865400663776798,81,81.0,True,False,4.350674348233281,3.220631019448092,1.1758016328482794,0.9476983679273798,13.490974729241875,3016750,Ketchup AjiNo Mayonnaise,Ketchup AjiNo Mayonnaise
Deck of Souls,2024-06-20,6,Indie,2482,10.99,22371.0,4.267184962289173,92,92.0,True,False,4.349685397810314,3.394801777162711,1.0409976924234905,0.6301414678793733,9.013295729250604,2088770,HeroCraft PC,Bigboot Studios
灵境·修仙界,2024-06-21,6,Indie,2241,9.99,22360.0,8.868584048963351,87,87.0,True,False,4.349471799214386,3.350441856535061,0.9995654882259823,0.947854286256795,9.9776885319054,2799930,深圳市灵境互娱科技有限公司,深圳市灵境互娱科技有限公司
Stigma-ARIA,2024-09-06,9,Indie,1621,16.99,22306.0,1.6886304185764434,85,85.0,True,False,4.348421697864425,3.209783014848515,1.2301933788690456,0.22753460828252287,13.760641579272054,2710010,072 Project,イシコロドウ
GraalOnline Era,2024-02-16,2,Indie,21644,0.0,22299.0,41.29361977737224,71,71.0,True,True,4.348285387522612,4.335337525260544,,1.615882954573272,1.0302624283866195,2358050,Toonslab,GraalOnline
HAELE 3D - Hand Poses Lite - Drawing References,2024-06-03,6,Indie,1659,17.99,22288.0,8.81586618253196,94,94.0,True,False,4.348071099079888,3.219846386024361,1.2550311633455513,0.945264989331096,13.434599156118145,2570230,HAELE 3D,Ige Olwen
EarthRoyale,2024-04-29,4,Indie,3874,7.99,22222.0,14.733386912432897,89,89.0,True,False,4.346783143258122,3.588159616383092,0.9025467793139914,1.168302593977731,5.736189984512132,2016220,Lizzycat / Lizabeth Gidlund,Lizzycat / Lizabeth Gidlund
Dread Weight,2024-07-29,7,Indie,2368,14.99,22137.0,3.2817103996906525,88,88.0,True,False,4.345118765064614,3.374381698050882,1.1758016328482794,0.5161002533271837,9.34839527027027,2399060,Deer Dream Studios,Deer Dream Studios
Secret Archives,2024-02-27,2,Indie,1678,15.99,22129.0,6.1555814515617016,71,71.0,True,False,4.344961788789682,3.2247919564926817,1.2038484637462348,0.7892690823327916,13.18772348033373,2374660,Juice Game,Juice Game
Thyria,2024-02-29,2,Indie,1629,15.99,22099.0,2.485580421606916,94,94.0,True,False,4.344372621906474,3.2119210843085093,1.2038484637462348,0.3954278194142949,13.565991405770411,1608590,GrabTheGames,Twokats
Z.O.N.A: Origin,2024-08-26,8,Indie,1444,19.99,22080.0,2.8680074794101267,87,87.0,True,False,4.343999069057161,3.1595671932336202,1.300812794118117,0.4575802795837368,15.290858725761773,2539520,AGaming+,AGaming+
ATTA -Spot the Oddities in the Strange Hotel-,2024-02-27,2,Indie,5245,4.99,22014.0,1.082875751602164,84,84.0,True,False,4.3426989621395915,3.7197454925295768,0.69810054562339,0.03457862884218485,4.197140133460438,2827450,IDEA FRUITION,IDEA FRUITION
鬼打墙（剧情版）,2024-01-05,1,Indie,3120,5.99,21939.0,2.69150452328492,76,76.0,True,False,4.34121682814391,3.494154594018443,0.7774268223893114,0.429995114018335,7.031730769230769,2642700,KX GAMES,KX GAMES
ワールド・ネバーランド２～プルト共和国物語～EXPERIENCE OF FICTION LIFE,2024-05-15,5,Indie,1272,24.99,21939.0,11.069183354999083,61,61.0,True,False,4.34121682814391,3.104487111312395,1.39776625612645,1.0441155813574772,17.24764150943396,682550,althi Inc.,althi Inc.
Setteeh,2024-08-02,8,Indie,3282,7.99,21898.0,1.3897732481642742,80,80.0,True,False,4.340404451432455,3.5161385767170743,0.9025467793139914,0.14294394766113583,6.672151127361365,1566450,MonsterAttack,MonsterAttack
Kepler-2100,2024-03-30,3,Indie,14511,0.0,21880.59479904341,11.962925149409008,85,85.0,True,True,4.340059123622606,4.161697342108118,,1.0778373854148957,1.5078626420676322,2758490,NCARD,NCARD
Puffin Planes,2024-09-04,9,Indie,2371,11.99,21744.0,4.6004950243556255,97,97.0,True,False,4.337339439388419,3.3749315539781883,1.0788191830988487,0.6628045653292081,9.170814002530578,2897240,CATINRAIN LLC,CATINRAIN LLC
Pomberito,2024-06-24,6,Indie,4850,5.99,21719.0,1.3284726049688569,96,96.0,True,False,4.33683982531461,3.6857417386022635,0.7774268223893114,0.1233526030567757,4.478144329896908,2761100,Lara the Pitbull,Lara the Pitbull
Tales of Morrow,2024-03-08,3,Indie,1945,14.99,21703.0,1.6933739092815248,53,53.0,True,False,4.336519770410416,3.2889196056617265,1.1758016328482794,0.22875286407957449,11.158354755784062,1783620,GameMechanic,GameMechanic
Sassy Girl,2024-01-19,1,Indie,2503,9.99,21685.0,6.087152285368983,89,89.0,True,False,4.336159426484781,3.3984608496082234,0.9995654882259823,0.7844141668537361,8.663603675589293,2471650,Hematite,Hematite
Hot & Lewd: Miami,2024-06-15,6,Indie,3903,9.99,21653.0,1.837841333011866,90,90.0,True,False,4.3355180758942335,3.5913985512812485,0.9995654882259823,0.2643080145735643,5.547783756085063,2998880,Lust Desires 🖤,Lust Desires 🖤
Pape Rangers,2024-08-09,8,Indie,6638,3.99,21651.0,7.845511818942673,79,79.0,True,False,4.335477960017436,3.822037248072585,0.6009728956867483,0.8946212809875719,3.2616752033745104,2812820,OKJOY,Pape Game Studio
XF Extreme Formula,2024-06-11,6,Indie,1297,19.99,21606.0,2.9671380126113203,91,91.0,True,False,4.334574371754929,3.11293997608408,1.300812794118117,0.47233774743633483,16.658442559753276,2539910,Feperd Games,Feperd Games
Memories Off Yubikiri No Kioku,2024-01-31,1,AA,1854,14.99,21592.0,18.650094806529008,95,95.0,True,False,4.3342928715484605,3.2681097298084785,1.1758016328482794,1.270681043857722,11.646170442286946,2184590,"Spike Chunsoft Co., Ltd.",MAGES. Inc.
School Owner,2024-02-03,2,Indie,1716,19.99,21499.0,1.1578302864255443,25,25.0,True,False,4.332418259702485,3.2345172835126865,1.300812794118117,0.06364490561725772,12.528554778554778,946670,Owner Games,Owner Games
Secret Toy,2024-06-21,6,Indie,4394,5.99,21479.0,1.102217235887383,80,80.0,True,False,4.3320140580055675,3.6428600525844916,0.7774268223893114,0.042267198008862285,4.888256713700501,2961330,Momentum Games,Momentum Games
Forgotten Mines,2024-07-23,7,Indie,3480,7.99,21461.0,9.430847817976847,86,86.0,True,False,4.331649954552743,3.5415792439465807,0.9025467793139914,0.9745507368643798,6.166954022988506,2238630,Ishtar Games,Cannibal Goose
Lords of Exile,2024-02-14,2,Indie,1821,14.99,21402.0,3.511245575779184,82,82.0,True,False,4.3304543597219975,3.26030994579492,1.1758016328482794,0.5454612049925758,11.752883031301485,1329360,"PID Games,PixelHeart",Squidbit Works
Real Anime Situation! 2,2024-06-24,6,Indie,1143,24.99,21364.0,3.731710094144288,93,93.0,True,False,4.329682569297099,3.0580462303952816,1.39776625612645,0.5719078972920774,18.69116360454943,2361760,Shiravune,Jitaku Studio
The Renovator: Origins,2024-07-13,7,Indie,2497,9.99,21283.0,2.9416790482101822,84,84.0,True,False,4.328032845033525,3.397418542351348,0.9995654882259823,0.46859528729194044,8.523428113736484,1917550,Peace_Studio,Peace_Studio
Necromantic,2024-05-22,5,Indie,3418,6.99,21260.0,3.281627291746506,70,70.0,True,False,4.3275632601872775,3.533772058384718,0.8444771757456814,0.5160892548616943,6.2200117027501465,2615010,Blinkmoon Games,Blinkmoon Games
PATHOGEN X,2024-07-21,7,Indie,2112,11.99,21168.0,1.3331959637848445,85,85.0,True,False,4.325679826843426,3.3246939138617746,1.0788191830988487,0.12489399017554371,10.022727272727272,2508980,BraveCat'Studios,BraveCat'Studios
SCP: EVENT CLASSIFIED,2024-04-26,4,Indie,2860,9.99,21162.0,2.122494912582087,51,51.0,True,False,4.325556710051133,3.456366033129043,0.9995654882259823,0.32684665795477724,7.399300699300699,1955030,Archotech,Archotech
Thunder Helix,2024-03-21,3,Indie,1288,19.99,21156.0,1.9613457118119384,95,95.0,True,False,4.325433558346947,3.1099158630237933,1.300812794118117,0.29255415027124215,16.425465838509318,1906230,David Walters,David Walters
Cursed Crew,2024-02-26,2,Indie,1175,20.0,21150.0,4.767937651494179,90,90.0,True,False,4.325310371711061,3.070037866607755,1.3010299956639813,0.6783305676656797,18.0,1839760,Cracklewock Games,Cracklewock Games
Cat Bait,2024-08-27,8,Indie,5213,4.99,21106.0,2.071326611078255,98,98.0,True,False,4.324405933803543,3.717087724927019,0.69810054562339,0.31624858474820355,4.048724342988682,2929730,Mayni prod.,Mayni prod.
Deathwish Enforcers Special Edition,2024-02-14,2,Indie,1489,19.99,21086.0,1.8973010379519115,87,87.0,True,False,4.323994202181974,3.1728946977521764,1.300812794118117,0.2781362443039795,14.161182001343184,2683030,Monster Bath Games Inc.,Monster Bath Games Inc.
The Wandering Corinne,2024-07-18,7,Indie,2891,8.99,21082.0,0.8045601102659825,54,54.0,True,False,4.323911808996012,3.4610480916706576,0.9537596917332288,-0.09444150335911082,7.292286406087859,2311840,"Mango Party,Mango Party News",ankoku marimokan
Dungeon Looter,2024-05-13,5,Indie,3205,11.99,21067.0,6.277106142414517,78,78.0,True,False,4.323602695256489,3.5058280338548364,1.0788191830988487,0.7977594723937697,6.573166926677067,1228320,Wappen Games,Wappen Games
Lucky Mark,2024-04-19,4,Indie,2505,9.99,21066.0,9.75066144618542,58,58.0,True,False,4.323582079848995,3.3988077302032647,0.9995654882259823,0.9890340775123637,8.409580838323354,2450720,Super Alex,Super Alex
Orc Covenant: Gay Bara Orc Visual Novel,2024-08-21,8,Indie,864,29.99,21022.0,3.866109872579943,75,75.0,True,False,4.322674031751425,2.936513742478893,1.476976465759527,0.5872741922629248,24.33101851851852,2243570,Y Press Games,Y Press Games
Champion Shift,2024-06-21,6,Indie,4526,6.99,20955.0,6.620098839383692,79,79.0,True,False,4.321287665169863,3.65571454961871,0.8444771757456814,0.8208644735905289,4.629916040653999,2391900,SRG Studios,SRG Studios
Megacopter: Blades of the Goddess,2024-06-21,6,Indie,1684,15.99,20946.0,3.6305644517099647,95,95.0,True,False,4.321101099197822,3.226342087163631,1.2038484637462348,0.5599741509881409,12.438242280285037,1228360,Pizza Bear Games,Pizza Bear Games
DYSCHRONIA: Chronos Alternate - Dual Edition,2024-03-27,3,Indie,725,34.99,20922.0,6.30918045112899,92,92.0,True,False,4.32060319775962,2.8603380065709936,1.5439439424829065,0.799972948995591,28.85793103448276,2023920,IzanagiGames,"IzanagiGames,MyDearest Inc."
Claw Machine Sim,2024-03-28,3,Indie,3896,6.99,20723.0,2.884454204670071,94,94.0,True,False,4.316452626996655,3.590618948206578,0.8444771757456814,0.4600636482284768,5.319045174537988,2456120,Unechte Sachen,Unechte Sachen
Memories Off #5 Togireta Film,2024-01-31,1,AA,1778,14.99,20674.0,7.263979319440968,91,91.0,True,False,4.3154245119375165,3.249931756634195,1.1758016328482794,0.8611745990778064,11.627671541057367,2184570,"Spike Chunsoft Co., Ltd.",MAGES. Inc.
Superscout,2024-07-18,7,Indie,128010,17.99,1868809.0,5.23063358629639,94,94.0,True,False,6.271564916956773,5.107243897578974,1.2550311633455513,0.7185542981151555,14.598929771111631,2862610,Mountain&Sea Studio,Mountain&Sea Studio
Lightyear Frontier,2024-03-19,3,Indie,93838,24.99,1847587.0,8.312387984973132,0,,False,False,6.266604897800463,4.9723787429457085,1.39776625612645,0.9197258059399326,19.68911315245423,1677110,"Amplifier Studios,FRAME BREAK","FRAME BREAK,Amplifier Studios"
Thriving City: Song,2024-05-29,5,Indie,148108,18.99,1847579.0,15.121941903658618,83,83.0,True,False,6.26660301731344,5.170578517413987,1.2785249647370176,1.1796075652320233,12.474538850028358,1956800,IndieArk,White Star Studio
Living With Sister: Monochrome Fantasy,2024-03-22,3,Indie,230496,12.99,1838206.0,10.709267200266146,97,97.0,True,False,6.26439417932981,5.362663393096596,1.113609151073028,1.0297597545135613,7.975001735388033,2429860,Kagura Games,Inusuku
Dune: Imperium,2024-03-13,3,Indie,92464,22.99,1775842.0,22.899198444110745,97,97.0,True,False,6.249404323165212,4.965972677122308,1.361538971269279,1.3598202807070428,19.205766568610485,1689500,Dire Wolf,Dire Wolf
Chinese Online Game,2024-07-18,7,Indie,208103,9.99,1772844.0,7.568376324435929,74,74.0,True,False,6.248670521884115,5.318278341019193,0.9995654882259823,0.8790027184733591,8.519069883663379,1416920,Wise Games,648工作室
The Thaumaturge,2024-03-04,3,AA,71142,34.99,1756839.0,11.232274598965626,0,,False,False,6.244731963763165,4.852126070250303,1.5439439424829065,1.0504677122499164,24.69482162435692,1684350,11 bit studios,Fool's Theory
Dungeonborne,2024-07-18,7,Indie,1121214,0.0,1753880.0,24.476678329900466,66,66.0,True,True,6.243999875734328,6.049688511925197,,1.3887524804312357,1.56426873014429,2448970,Mithril Interactive,Mithril Interactive
Feed the Cups,2024-02-20,2,Indie,159951,15.99,1743322.0,36.464209005006985,89,89.0,True,False,6.241377610809106,5.2039869596006465,1.2038484637462348,1.5618667971260405,10.899100349482028,2336220,IndieArk,Vambear Games
Astral Party ,2024-02-28,2,Indie,566827,0.0,1737265.0,17.734904098734024,51,51.0,True,True,6.239866070179725,5.753450529069658,,1.248828844372482,3.0648945798277074,2622000,Neverland Entertainment,STAR ENGINE PROJECT
LOCKDOWN Protocol,2024-07-22,7,Indie,193552,9.99,1736582.0,9.475271119605496,0,,False,False,6.239695295165764,5.286797663304037,0.9995654882259823,0.976591645454256,8.972172852773415,2780980,Mirage Creative Lab,Mirage Creative Lab
BMX Streets,2024-04-04,4,Indie,48276,39.99,1733797.0,21.337095692495044,78,78.0,True,False,6.238998247153574,4.683731278618886,1.6019514041335217,1.3291353049402728,35.914263816389095,871540,Mash Games,Mash Games
Cataclismo,2024-07-22,7,AA,76717,29.99,1717400.0,12.39071140707249,94,94.0,True,False,6.2348714585627025,4.884891611512453,1.476976465759527,1.0930962419124957,22.386172556278268,1422440,Hooded Horse,Digital Sun
Incursion Red River,2024-04-10,4,Indie,115857,16.99,1668116.0,9.613570700274808,76,76.0,True,False,6.222226247985307,5.063922278691659,1.2301933788690456,0.9828847245468904,14.398059677015633,2116120,Games Of Tomorrow GmbH,Games Of Tomorrow GmbH
The Lord of the Rings: Return to Moria™,2024-08-27,8,Indie,92326,24.99,1661037.0,10.060536961497332,0,,False,False,6.220379306573526,4.965324020272433,1.39776625612645,1.0026211609576714,17.99099928514178,2933130,North Beach Games,Free Range Games
Nordic Ashes: Survivors of Ragnarok,2024-04-26,4,Indie,353950,8.99,1644179.0,18.57573295137028,88,88.0,True,False,6.215949096951259,5.548941916664869,0.9537596917332288,1.2689459589308927,4.645229552196638,2068280,Noxfall Studios,Noxfall Studios
Out of the Park Baseball 25,2024-03-15,3,Indie,45474,49.99,1640362.0,85.41960491706307,86,86.0,True,False,6.21493970003177,4.657763157449494,1.6988831367525903,1.9315575583956963,36.07252495931741,2384620,Out of the Park Developments,Out of the Park Developments
City Bus Manager,2024-06-25,6,Indie,65165,29.99,1624986.0,40.77171704318191,91,91.0,True,False,6.210849623684777,4.814014399594432,1.476976465759527,1.6103590015349816,24.93648430906161,1364210,Aerosoft GmbH,PeDePe GbR
Tactical Breach Wizards,2024-08-22,8,Indie,96174,19.99,1596416.0,8.635183318565998,98,98.0,True,False,6.2031460718286535,4.983057679286212,1.300812794118117,0.9362715617525293,16.599247197787342,1043810,Suspicious Developments,Suspicious Developments Inc
Rusty's Retirement,2024-04-26,4,Indie,278210,6.99,1585093.0,36.76470154540171,97,97.0,True,False,6.2000547480691885,5.444372736248287,0.8444771757456814,1.5654310447342177,5.697469537399806,2666510,Mister Morris Games,Mister Morris Games
Into the Radius 2,2024-07-24,7,Indie,48362,39.99,1568855.0,5.694623316030681,76,76.0,True,False,6.1955828061682725,4.684504252714032,1.6019514041335217,0.7554650019568655,32.4398287911997,2307350,CM Games,CM Games
ContractVille,2024-05-31,5,Indie,89691,19.99,1568853.0,17.97238271388152,80,80.0,True,False,6.195582252522769,4.952748866160744,1.300812794118117,1.2546056581269298,17.491755025587853,2698780,FiftyEight Studios,MYM Games Studios
INDIKA,2024-05-02,5,AA,77092,24.99,1561494.0,2.923114750999736,90,90.0,True,False,6.193540319804195,4.887009312731636,1.39776625612645,0.46584586453560256,20.25494214704509,1373960,11 bit studios,Odd Meter
Town of Sins,2024-03-25,3,Indie,73052,0.0,1560133.0,17.596491244347778,57,57.0,True,True,6.193161623164704,4.86363211044244,,1.24542607774967,21.356472102064284,2449710,Nutaku Publishing,Hooligapps
SAND LAND,2024-04-25,4,AA,31923,59.99,1554073.0,17.893528957999578,91,91.0,True,False,6.191471415206567,4.504103697911267,1.778078861937455,1.2526960004805052,48.68192212511355,1979440,Bandai Namco Entertainment Inc.,"ILCA, Inc."
Avatar: Frontiers of Pandora™,2024-06-17,6,AAA,39220,69.99,1554033.0,20.076900060781632,64,64.0,True,False,6.191460236836668,4.593507589331765,1.845035993513415,1.3026966571568985,39.62348291687914,2840770,Ubisoft,Massive Entertainment – A Ubisoft Studio
ENDER MAGNOLIA: Bloom in the Mist,2024-03-25,3,Indie,92755,19.99,1547770.0,2.339783382795594,98,98.0,True,False,6.189706424594824,4.967337329757503,1.300812794118117,0.3691756522771566,16.68664762007439,2725260,Binary Haze Interactive,"Adglobe,Live Wire"
Proud To Love,2024-03-11,3,Indie,184501,9.99,1546464.0,3.294202673527737,85,85.0,True,False,6.189339814553666,5.265998724388331,0.9995654882259823,0.5177503153215874,8.381873268979572,2744150,"Master Entertainment,LGD Gaming",Master Entertainment
KINGDOM HEARTS III + Re Mind (DLC),2024-06-13,6,AA,38501,59.99,1535628.0,19.640717962918703,93,93.0,True,False,6.186286022261876,4.585472009738158,1.778078861937455,1.2931573592979118,39.8854055738812,2552450,Square Enix,Square Enix
House Builder,2024-01-15,1,AA,132550,19.99,1490579.0,8.289217378413545,81,81.0,True,False,6.173354998386004,5.1223797320691125,1.300812794118117,0.9185135288275854,11.245409279517164,1244630,"PlayWay S.A.,FreeMind S.A.",FreeMind S.A.
Stormgate,2024-07-30,7,Indie,224772,0.0,1459213.0,7.341805458780237,52,52.0,True,True,6.1641186900928355,5.351742209909181,,0.8658028725000834,6.491969640346662,2012510,Frost Giant Studios,Frost Giant Studios
Riven,2024-06-25,6,Indie,49119,34.99,1448665.0,7.856866054561921,0,,False,False,6.160967967616049,4.691249516543072,1.5439439424829065,0.8952493492680341,29.492966062012663,1712350,Cyan Worlds Inc,Cyan Worlds Inc
Thank Goodness You're Here!,2024-08-01,8,Indie,87970,19.99,1444444.0,2.189886931306963,97,97.0,True,False,6.15970070923842,4.944334591970782,1.300812794118117,0.34042169183685683,16.41973400022735,2366980,Panic,Coal Supper
TerraTech Worlds,2024-03-22,3,Indie,53663,29.99,1430436.0,18.261625558912787,66,66.0,True,False,6.155468431544549,4.729674948004697,1.476976465759527,1.261539433649752,26.65590816763878,2313330,"Payload Studios,4Divinity",Payload Studios
Immortal Life,2024-01-17,1,Indie,122009,16.99,1428520.0,26.44589686212208,81,81.0,True,False,6.154886325102965,5.08639186761059,1.2301933788690456,1.4223582998732849,11.708316599595111,1201230,2P Games,YiFang Studio
Dusk Pub,2024-04-12,4,Indie,127543,12.99,1419860.0,3.857830038389943,93,93.0,True,False,6.152245524506362,5.1056566280199265,1.113609151073028,0.586343090333441,11.132402405463257,1974520,YellowDuckWorks,YellowDuckWorks
Oh Deer,2024-06-27,6,Indie,170401,9.99,1408406.0,1.9956875027904464,87,87.0,True,False,6.148727866555304,5.23147213909974,0.9995654882259823,0.3000925377335269,8.265244922271583,2708450,Cozy Cabin Studios,Cozy Cabin Studios
Dominion,2024-02-01,2,Indie,503990,0.0,1405649.3985145492,7.017822187752444,86,86.0,True,True,6.147877011097732,5.702421919406032,,0.8462023601951144,2.789042239954264,1131620,Temple Gates Games,Temple Gates Games
Sweet Transit,2024-04-22,4,AA,87119,29.99,1398063.0,11.448439488203675,74,74.0,True,False,6.145526742179252,4.940112881704394,1.476976465759527,1.0587462929772717,16.047739299119595,1612770,Team17,Ernestas Norvaišas
Starward,2024-04-24,4,Indie,79112,0.0,1395292.0,27.231980923461883,68,68.0,True,True,6.144665104181859,4.898242363883397,,1.435079234172776,17.636919809889775,2764370,盛天游戏,Game Blender
The Crust,2024-07-15,7,Indie,56588,29.99,1385673.0,31.60342787602721,74,74.0,True,False,6.141660754770026,4.752724344857524,1.476976465759527,1.4997341910647257,24.487046723687,1465470,Crytivo,VEOM Studio
Moonbreaker,2024-02-01,2,AAA,58369,29.99,1367965.0,7.912012452688401,87,87.0,True,False,6.136074985906526,4.766182252874969,1.476976465759527,0.8982869621242091,23.43649882643184,845890,"KRAFTON, Inc.",Unknown Worlds Entertainment
Nobody Wants to Die,2024-07-17,7,Indie,63753,24.99,1348620.0,4.152315097743349,87,87.0,True,False,6.129889595964403,4.804500626012512,1.39776625612645,0.6182903024557259,21.153828055150345,1939970,PLAION,Critical Hit Games
Touhou Danmaku Kagura Phantasia Lost,2024-02-07,2,Indie,57334,29.99,1330840.0,17.624067524882285,77,77.0,True,False,6.124125845636978,4.758412242094363,1.476976465759527,1.2461061481025153,23.21205567377124,2190220,Alliance Arts,UnknownX
Gigantic: Rampage Edition,2024-04-09,4,AA,83942,19.99,1330789.0,16.79592619082676,72,72.0,True,False,6.124109202431948,4.923979312488245,1.300812794118117,1.2252039574765543,15.853672774058278,1924490,Arc Games,Abstraction Games
The Bridge Curse 2: The Extrication,2024-05-09,5,Indie,63059,24.99,1326590.0,5.317939526297635,93,93.0,True,False,6.122736719209012,4.799747079353125,1.39776625612645,0.7257433943824294,21.03728254491825,2331330,"PQube,Gamera Games",SOFTSTAR ENTERTAINMENT
MULLET MADJACK,2024-05-15,5,Indie,78971,19.99,1310018.0,4.072861351589005,98,98.0,True,False,6.117277263019862,4.897467637465161,1.300812794118117,0.6098996260779654,16.588595813653114,2111190,"Epopeia Games,HAMMER95",HAMMER95
Harry Potter: Quidditch Champions,2024-09-03,9,AAA,48267,29.99,1302774.0,4.726446194361001,0,,False,False,6.114869082584573,4.683650306402393,1.476976465759527,0.6745347182700662,26.99098763130089,2878600,Warner Bros. Games,Unbroken Studios
RAID: Shadow Legends,2024-01-09,1,Indie,72044,0.0,1293328.0,63.45711110030624,55,55.0,True,True,6.111708679965772,4.857597817552565,,1.802480296857459,17.95191827216701,2333480,Plarium Global Ltd,Plarium Global Ltd
THE 4 SINS,2024-06-02,6,AA,175634,9.99,1293189.0,3.033389442589824,24,24.0,True,False,6.111662001801243,5.244608592339206,0.9995654882259823,0.48192817091410367,7.362976416866894,2128940,Gamera Games,奇门互娱
Kunitsu-Gami: Path of the Goddess,2024-07-18,7,AAA,28374,49.99,1276574.0,11.872100547435483,92,92.0,True,False,6.1060459949022485,4.4529205643990695,1.6988831367525903,1.0745275660861888,44.9909776556002,2510710,"CAPCOM Co., Ltd.","CAPCOM Co., Ltd."
Three Kingdoms Zhao Yun,2024-01-17,1,Indie,101430,19.99,1269633.0,11.52473408115772,0,,False,False,6.103678201972728,5.006166425485431,1.300812794118117,1.0616309133746413,12.517332150251406,2201710,Merlion Games,ZUIJIANGYUE Game
Between the Stars,2024-03-07,3,Indie,78295,29.99,1265895.0,7.01927402753153,77,77.0,True,False,6.102397684503028,4.8937340284469055,1.476976465759527,0.8462921972949309,16.168273836132574,727130,"Isolated Games,WhisperGames",Isolated Games
Star Trucker,2024-09-03,9,AA,62290,24.99,1260811.0,5.229673762101744,76,76.0,True,False,6.1006499891829655,4.794418330874141,1.39776625612645,0.7184745975215462,20.24098571199229,2380050,Raw Fury,Monster and Monster
Slapshot: Rebound,2024-04-11,4,Indie,965211,0.0,1250580.7988945069,10.891994725125729,84,84.0,True,True,6.097111756346746,5.984622262689793,,1.037107422343896,1.2956553529689434,1173370,Oddshot Games,Oddshot Games
Enlisted,2024-07-16,7,AA,239148,0.0,1233567.0,37.76018897559231,0,,False,True,6.091162742751629,5.378666753208837,,1.577034159112567,5.158174017763059,2051620,Gaijin Network Ltd,Darkflow Software
Phantom Abyss,2024-01-25,1,AA,86210,19.99,1231915.0,9.290478868764191,85,85.0,True,False,6.0905807432955585,4.935557645093014,1.300812794118117,0.9680380998603741,14.28969957081545,989440,Devolver Digital,Team WIBY
Islands of Insight,2024-02-13,2,AA,52752,29.99,1229708.0,31.831256522648644,83,83.0,True,False,6.089801998395645,4.722238929799078,1.476976465759527,1.5028537825129893,23.311116166211708,2071500,Behaviour Interactive Inc.,Lunarch Studios
Spirit City: Lofi Sessions,2024-04-08,4,Indie,140574,11.99,1217173.0,47.32413381771613,97,97.0,True,False,6.085352310034251,5.147905002755677,1.0788191830988487,1.67508267373718,8.658592627370638,2113850,Mooncube Games,Mooncube Games
TerraScape,2024-07-17,7,Indie,117418,14.99,1188273.0,5.981693150570897,88,88.0,True,False,6.074916229174591,5.069734678695697,1.1758016328482794,0.7768241307896081,10.120024187092268,2290000,"Stray Fawn Publishing,INSTINCT3",Bitfall Studios
Farm Together 2,2024-05-07,5,Indie,68838,19.99,1188098.0,51.1003235392409,0,,False,False,6.074852264806679,4.837828243968399,1.300812794118117,1.708423649858043,17.259333507655654,2418520,Milkstone Studios,Milkstone Studios
Slaves of Rome,2024-02-12,2,Indie,61190,24.99,1173275.0,8.410337305730208,68,68.0,True,False,6.069399816876754,4.786680453196649,1.39776625612645,0.9248134140000208,19.174293185160973,1380070,Biggus Diccus Games,Biggus Diccus Games
Dread Delusion,2024-05-14,5,Indie,75015,19.99,1170260.0,8.481408610028911,92,92.0,True,False,6.068282360909297,4.875148113603349,1.300812794118117,0.9284679867802291,15.600346597347198,1574240,DreadXP,Lovely Hellplace
KeeperRL,2024-02-29,2,Indie,85309,19.99,1168042.0,18.70857822921001,87,87.0,True,False,6.067458459249237,4.930994851145845,1.300812794118117,1.2720407842573351,13.69189651736628,329970,Electric Succubi,Electric Succubi
KinitoPET,2024-01-09,1,Indie,227576,5.99,1166563.0,3.2190117178611835,94,94.0,True,False,6.066908197749185,5.357126459756641,0.7774268223893114,0.507722557609251,5.126037016205575,2075070,troy_en,troy_en
Grocery Store Simulator,2024-06-10,6,Indie,170125,7.99,1160637.0,10.295448229090365,95,95.0,True,False,6.0646964113428465,5.230768138211391,0.9025467793139914,1.012645259082561,6.82226010286554,2961880,FEKK Games,FEKK Games
Selaco,2024-05-31,5,Indie,56176,24.99,1160305.0,11.059660852944672,93,93.0,True,False,6.064572163714965,4.749550812121276,1.39776625612645,1.0437418094322422,20.65481700370265,1592280,Altered Orbit Studios,Altered Orbit Studios
Farmer Against Potatoes Idle,2024-09-05,9,Indie,234948,0.0,1153910.9084421117,256.3350027720608,96,96.0,True,True,6.062172278953501,5.370971752433409,,2.4088079135304015,4.911345950772561,1535560,Oni Gaming,Oni Gaming
Rooftops & Alleys: The Parkour Game,2024-05-21,5,Indie,81558,15.99,1153011.0,7.158457569592916,97,97.0,True,False,6.061833450587425,4.911466567282492,1.2038484637462348,0.8548194551042861,14.137313323033917,2703850,MLMEDIA,MLMEDIA
A Difficult Game About Climbing,2024-03-06,3,Indie,122429,9.99,1126490.0,8.13506057547006,89,89.0,True,False,6.051727340787683,5.087884302190348,0.9995654882259823,0.9103607911382051,9.201169657515784,2497920,Pontypants,Pontypants
Reverse Collapse: Code Name Bakery,2024-03-21,3,Indie,63158,24.99,1124733.0,33.23014522628996,74,74.0,True,False,6.051049437657131,4.800428368918329,1.39776625612645,1.521532239287695,17.8082428195953,1127700,XD,"Shanghai Sunborn Network Technology Co., Ltd."
Dominions 6 - Rise of the Pantokrator,2024-01-17,1,Indie,29273,44.99,1090577.0,79.36725950738078,89,89.0,True,False,6.037656334283855,4.466467232740638,1.6531159931655668,1.899641384698101,37.2553889249479,2511500,Illwinter Game Design,Illwinter Game Design
Esports Godfather,2024-05-23,5,Indie,65251,19.99,1072894.0,30.3497442517159,93,93.0,True,False,6.0305568165707,4.814587171813445,1.300812794118117,1.482155035756037,16.44256792999341,1278540,Asteroid Game Studio,Asteroid Game Studio
KAKU: Ancient Seal,2024-07-11,7,Indie,63579,24.99,1061930.0,21.65903214357081,86,86.0,True,False,6.026095889988689,4.803313692847435,1.39776625612645,1.3356390458212555,16.70252756413281,1179580,BINGOBELL,BINGOBELL
Yaoling: Mythical Journey,2024-07-15,7,Indie,62937,19.99,1047362.0,21.326345346674653,91,91.0,True,False,6.0200968129398325,4.798906037679564,1.300812794118117,1.3289164376453035,16.64143508587953,2816950,"RAYKA STUDIO,NPC Entertainment",RAYKA STUDIO
Crow Country,2024-05-09,5,Indie,61044,19.99,1045536.0,4.780094463438322,99,99.0,True,False,6.019338991082126,4.785642983678979,1.300812794118117,0.6794364791528381,17.127580106152937,1996010,SFB Games,SFB Games
Oddsparks: An Automation Adventure,2024-04-24,4,Indie,61371,24.99,1042637.0,12.498809626793388,91,91.0,True,False,6.018133132648078,4.787963199883958,1.39776625612645,1.0968686532374796,16.989082791546497,1817800,HandyGames,Massive Miniteam
Emberward,2024-06-25,6,Indie,78590,14.99,1042636.0,9.537951392208566,96,96.0,True,False,6.018132716113186,4.895367288773362,1.1758016328482794,0.9794551048299317,13.266776943631506,2459550,ReficGames,ReficGames
Yi Xian: The Cultivation Card Game,2024-01-21,1,AA,286872,0.0,1039161.219972389,55.01663011678348,75,75.0,True,True,6.016682931111301,5.457688161215948,,1.740493985426501,3.622386360371138,1948800,Gamera Games,Darksun Studio
Project QT,2024-01-16,1,Indie,26716,0.0,1036107.0,105.6310151724434,63,63.0,True,True,6.015404607831995,4.4267714347926965,,2.0237914536199306,38.78226530917802,1571200,Nutaku Publishing,xDNA
Snufkin: Melody of Moominvalley,2024-03-07,3,AA,60378,19.99,1019946.0,3.2116139517137414,98,98.0,True,False,6.008577179092476,4.7808787230734735,1.300812794118117,0.5067233358853882,16.89267614031601,1808680,Raw Fury,Hyper Games
Minishoot' Adventures,2024-04-02,4,Indie,78535,14.99,1001962.0,7.261068882154135,98,98.0,True,False,6.000851250969096,4.895063248073534,1.1758016328482794,0.861000556712787,12.758158782708346,1634860,"SoulGame Studio,IndieArk",SoulGame Studio
WRATH: Aeon of Ruin,2024-02-27,2,Indie,47909,24.99,985076.0,2.9773647230246736,74,74.0,True,False,5.993469738220807,4.680417105965339,1.39776625612645,0.47383203837360577,20.56139764971091,1000410,"3D Realms,Fulqrum Publishing","KillPixel Games,Slipgate Ironworks"
Ace Attorney Investigations Collection,2024-09-05,9,AAA,27151,39.99,977191.0,4.091232841920956,98,98.0,True,False,5.989979458436134,4.433785829743799,1.6019514041335217,0.6118541969473654,35.99097639129314,2401970,"CAPCOM Co., Ltd.","CAPCOM Co., Ltd."
Solium Infernum,2024-02-22,2,Indie,29536,39.99,966283.0,24.686084918196155,88,88.0,True,False,5.985104338981414,4.470351679345818,1.6019514041335217,1.392452218597561,32.71543201516793,1893810,League of Geeks,League of Geeks
Command & Conquer Red Alert™ 2 and Yuri’s Revenge™,2024-03-07,3,AAA,295759,0.0,961994.0,20.590229748847623,92,92.0,True,True,5.983172363331973,5.470937969160884,,1.313661192567525,3.252627984270977,2229850,Electronic Arts,EA Los Angeles
The Elder Scrolls Online: Gold Road,2024-06-03,6,AAA,27601,39.99,960791.0,0.0,44,44.0,True,False,5.982628926255129,4.44092481708748,1.6019514041335217,,34.810006883808555,2662630,Bethesda Softworks,ZeniMax Online Studios
Go-Go Town!,2024-06-18,6,Indie,45863,24.99,957117.0,8.798573867686125,0,,False,False,5.9809650300950725,4.66146245948316,1.39776625612645,0.9444122844698495,20.86904476375292,2195120,"CULT Games,Prideful Sloth",Prideful Sloth
MotoGP™24,2024-05-02,5,Indie,23431,49.99,954851.0,22.98612604105317,83,83.0,True,False,5.979935607262933,4.369790824030776,1.6988831367525903,1.3614657837633892,40.75161111348214,2581700,Milestone S.r.l.,Milestone S.r.l.
Bandle Tale: A League of Legends Story,2024-02-21,2,Indie,43330,24.99,954119.0,10.662545091105516,80,80.0,True,False,5.979602544327073,4.636788689034375,1.39776625612645,1.027860880778337,22.01982460189245,1759380,Riot Forge,Lazy Bear Games
Command & Conquer™ Generals Zero Hour,2024-03-07,3,AAA,201644,0.0,933938.0,21.32924236144096,89,89.0,True,True,5.97031804630331,5.304585303925294,,1.3289754290973752,4.631618099224376,2732960,Electronic Arts,EA Los Angeles
Command & Conquer™ Generals,2024-03-07,3,AAA,90955,0.0,930800.0,11.999446787110118,85,85.0,True,True,5.968856374614693,4.958826578195798,,1.0791612241439896,10.233632015832004,2229870,Electronic Arts,EA Los Angeles
VLADiK BRUTAL,2024-08-09,8,Indie,92754,11.99,928429.0,4.557906694937509,89,89.0,True,False,5.967748697427218,4.967332647564381,1.0788191830988487,0.6587654304782898,10.009584492313,1316680,Narko Games,Narko Games
Momodora: Moonlit Farewell,2024-01-11,1,AA,68442,16.99,927493.0,6.473380892880699,92,92.0,True,False,5.967310640580512,4.83532269193091,1.2301933788690456,0.8111311615999716,13.551518073697435,1747760,PLAYISM,Bombservice
Command & Conquer™ Tiberian Sun™ and Firestorm™,2024-03-07,3,AAA,65809,0.0,926924.0,12.28339307326484,91,91.0,True,True,5.9670441270962655,4.818285291532688,,1.0893183496593573,14.08506435290006,2229880,Electronic Arts,EA Los Angeles
Frontier Hunter: Erza’s Wheel of Fortune,2024-07-26,7,Indie,54431,24.99,922336.0,11.12684600466776,88,88.0,True,False,5.964889160059466,4.735846313198067,1.39776625612645,1.046372077462685,16.945049695945325,1429500,"IceSitruuna,NPC Entertainment",IceSitruuna
Command & Conquer Renegade™,2024-03-07,3,AAA,26120,0.0,921771.0,7.841912941894338,86,86.0,True,True,5.96462304058814,4.416973172603036,,0.8944220166093342,35.289854517611026,2229890,Electronic Arts,EA Los Angeles
Command & Conquer™ and The Covert Operations™,2024-03-07,3,AAA,21266,0.0,921760.0,8.588419156625173,82,82.0,True,True,5.964617857882452,4.327685809541024,,0.9339132319643901,43.344305464121135,2229830,Electronic Arts,EA Los Angeles
"Command & Conquer Red Alert™, Counterstrike™ and The Aftermath™",2024-03-07,3,AAA,26292,0.0,920024.0,10.27607539673983,86,86.0,True,True,5.96379915661905,4.41982362360833,,1.0118272820742558,34.99254526091587,2229840,Electronic Arts,EA Los Angeles
Anger Foot,2024-07-11,7,AA,40294,24.99,906252.0,5.627084715285352,93,93.0,True,False,5.957248978020987,4.605240382099215,1.39776625612645,0.7502834534699717,22.49099121457289,1978590,Devolver Digital,Free Lives
Echoes of the Plum Grove,2024-04-29,4,Indie,54189,19.99,902318.0,24.66004828889055,0,,False,False,5.9553596210301905,4.733911136646473,1.300812794118117,1.3919939226886735,16.651312997102732,1536090,indie.io,Unwound Games
Boxes: Lost Fragments,2024-02-01,2,Indie,68169,14.99,900796.0,4.149034995582672,91,91.0,True,False,5.954626449019499,4.833586923195063,1.1758016328482794,0.6179470979584859,13.214158928545231,2019810,Snapbreak,Big Loop Studios
VAIL VR,2024-02-15,2,Indie,89548,29.99,887656.0,3.708556191014475,78,78.0,True,False,5.948244692978415,4.9520558905908185,1.476976465759527,0.569204863707161,9.91262786438558,801550,AEXLAB,AEXLAB
Gym Simulator 24,2024-07-19,7,Indie,109135,10.99,884330.0,4.271517013003123,90,90.0,True,False,5.9466143582656805,5.037964052780905,1.0409976924234905,0.6305821404516819,8.103083337151235,2559270,Red Axe Games,Quatech
Reus 2,2024-05-28,5,Indie,42986,24.99,879212.0,12.33557918373739,97,97.0,True,False,5.944093606961178,4.633327034352867,1.39776625612645,1.0911595454265623,20.45344996045224,1875060,Firesquid,Abbey Games
Wizardry: Proving Grounds of the Mad Overlord,2024-05-23,5,Indie,29055,34.99,875986.0,32.178361089119306,85,85.0,True,False,5.942497165333227,4.463220879774792,1.5439439424829065,1.50756392080473,30.149234210979177,2518960,Digital Eclipse,Digital Eclipse
Instruments of Destruction,2024-05-10,5,Indie,55717,19.99,874462.0,8.518788291074912,94,94.0,True,False,5.941740941831982,4.745987724433172,1.300812794118117,0.9303778252920478,15.69470718093221,1428100,Radiangames,Radiangames
Shogun Showdown,2024-09-05,9,Indie,103097,14.99,871956.0,14.709804691305951,97,97.0,True,False,5.940494570437926,5.013246028014829,1.1758016328482794,1.1676069064426084,8.457627283044124,2084000,"Goblinz Publishing,Gamera Games",Roboatino
PILGRIM,2024-05-31,5,Indie,131573,7.99,867610.0,3.3304745672878693,88,88.0,True,False,5.93832454901273,5.119166777164973,0.9025467793139914,0.5225061215753095,6.594134054859279,2965660,DESPERATE MEASURES,DESPERATE MEASURES
Squirrel with a Gun,2024-08-29,8,Indie,53495,19.99,866137.0,3.5893794482410684,83,83.0,True,False,5.937586591368662,4.7283131918551256,1.300812794118117,0.5550193718374243,16.190989812131974,2067050,Maximum Entertainment,Dee Dee Creations LLC
News Tower,2024-02-13,2,Indie,50123,19.99,864588.0,13.767491551302214,97,97.0,True,False,5.936809203473889,4.700037056824394,1.300812794118117,1.138854818639868,17.249326656425193,1649950,Twin Sails Interactive,Sparrow Night
Aeons Echo,2024-08-22,8,Indie,59501,0.0,853013.0,6.800604003855153,83,83.0,True,True,5.93095564990755,4.774524264734136,,0.8325474868080099,14.336111998117678,2832330,Nutaku Publishing,Aeons Studio
Cryptmaster,2024-05-09,5,Indie,40489,24.99,845758.0,5.6746313405080935,96,96.0,True,False,5.927246114458154,4.607337050667031,1.39776625612645,0.7539376522997521,20.88858702363605,1885110,Akupara Games,"Paul Hart,Lee Williams,Akupara Games"
Cat Quest III,2024-08-08,8,Indie,50873,19.99,836331.0,5.897890979303593,0,,False,False,5.922378194930694,4.7064873488959345,1.300812794118117,0.770696740490371,16.439584848544413,2305840,Kepler Interactive,The Gentlebros
MEMORIAPOLIS,2024-08-29,8,Indie,43572,24.99,832922.0,3.556692338780094,83,83.0,True,False,5.920604333272729,4.639207494960517,1.39776625612645,0.5510462994424727,19.115991921417425,2228280,5PM Studio,5PM Studio
Fallen Aces,2024-06-14,6,AA,81873,12.99,831336.0,3.651904364361676,98,98.0,True,False,5.919776587506375,4.913140704150097,1.113609151073028,0.562519395758801,10.15397017331721,1411910,New Blood Interactive,"Trey Powell,Jason Bond"
Megaloot,2024-08-30,8,Indie,101120,9.99,829084.0,7.072853564425466,85,85.0,True,False,5.9185985340344285,5.00483706093831,0.9995654882259823,0.849594666590815,8.199011075949366,2440380,"Ravenage Games,INSTINCT3",axilirate
The Operator,2024-07-22,7,Indie,70976,13.99,827721.0,3.030081530375901,93,93.0,True,False,5.917883973766475,4.851111520133047,1.1458177144918276,0.48145431421715423,11.66198433273219,1771980,"Bureau 81,indienova",Bureau 81
Perfect World M,2024-02-22,2,Indie,3768,0.0,825766.0,46.92903887910011,33,33.0,True,True,5.91685699731276,3.57611089412084,,1.6714416598213255,219.1523354564756,2715240,PERFECT WORLD GAMES,PERFECT WORLD GAMES
Knock on the Coffin Lid,2024-08-08,8,Indie,49983,24.99,824669.0,36.13476474169297,85,85.0,True,False,5.916279669375813,4.698822319104259,1.39776625612645,1.5579252315538956,16.498989656483204,1232580,RedBoon,RedBoon
STAR WARS™: Dark Forces Remaster,2024-02-28,2,Indie,30598,29.99,824203.0,4.770394285401785,90,90.0,True,False,5.916034190971237,4.485693040293661,1.476976465759527,0.678554276083625,26.936499117589385,2292260,Nightdive Studios,"Nightdive Studios,LucasArts"
Castlevania Dominus Collection,2024-08-27,8,AA,36203,24.99,814241.0,8.317685816929346,96,96.0,True,False,5.910752966902936,4.5587445602973045,1.39776625612645,0.9200025117789897,22.49098141038036,2369900,KONAMI,KONAMI
No Case Should Remain Unsolved,2024-01-17,1,Indie,152090,6.99,814072.0,2.006452454717227,98,98.0,True,False,5.910662817444319,5.182100659893949,0.8444771757456814,0.30242887306632193,5.35256755868236,2676840,Somi,Somi
Spell Disk,2024-03-01,3,Indie,65281,14.99,812211.0,11.116959666409018,88,88.0,True,False,5.909668866965088,4.814786798490221,1.1758016328482794,1.045986029994171,12.441767129792742,2292060,Sunpeak Games,Sunpeak Games
Dungeons & Degenerate Gamblers,2024-08-08,8,Indie,65164,14.99,806583.0,8.091559584377128,75,75.0,True,False,5.906649064331659,4.8140077350073955,1.1758016328482794,0.9080322365209145,12.377739242526548,2400510,Yogscast Games,Purple Moss Collectors
Outcast - A New Beginning,2024-03-15,3,AA,19374,59.99,806366.0,14.96428173825503,84,84.0,True,False,5.906532207688155,4.2872192954008055,1.778078861937455,1.1750558762314374,41.62103850521317,1013140,THQ Nordic,Appeal Studios
Ships At Sea,2024-05-23,5,Indie,36845,24.99,797925.0,15.20780271151262,0,,False,False,5.901962072281955,4.56637856085881,1.39776625612645,1.1820664698583616,21.656262722214684,1266540,Misc Games,Misc Games
The Last Flame,2024-01-17,1,Indie,53815,17.99,793506.0,22.64068765605981,0,,False,False,5.899550214968674,4.730903344611624,1.2550311633455513,1.3548896133597348,14.745071076837313,1830970,"Hotloop,Surefire.Games",Hotloop
Yarimono,2024-08-30,8,Indie,39179,24.99,793022.0,6.409328024387582,87,87.0,True,False,5.899285235673305,4.593053346920986,1.39776625612645,0.8068124990042446,20.24099645218101,2696050,072 Project,にゅう工房
JIANGHU CHRONICLES,2024-07-31,7,Indie,59040,16.99,790516.0,23.442699513632128,74,74.0,True,False,5.897910664453414,4.771146348814985,1.2301933788690456,1.3700076208430452,13.38949864498645,1909840,方块游戏(CubeGame),一品阁
Terminus: Zombie Survivors,2024-08-19,8,Indie,60505,19.99,787448.0,18.643321811538684,97,97.0,True,False,5.896221884291861,4.7817912652753485,1.300812794118117,1.2705232962095128,13.01459383522023,1534980,Longplay Studios,Longplay Studios
MEGATON MUSASHI W: WIRED,2024-04-24,4,Indie,20281,49.99,787339.0,24.487806291768475,85,85.0,True,False,5.896161764290104,4.307089365048616,1.6988831367525903,1.3889498811617715,38.82150781519649,2450450,LEVEL5 Inc.,LEVEL5 Inc.
WE ARE FOOTBALL 2024,2024-03-04,3,Indie,25210,39.99,779187.0,51.034166549407374,82,82.0,True,False,5.891641698137292,4.401572845676446,1.6019514041335217,1.7078610266028151,30.90785402618009,1951410,"HandyGames,THQ Nordic",Winning Streak Games
Fling to the Finish,2024-01-18,1,AA,102601,19.99,778760.0,11.810501362514172,85,85.0,True,False,5.891403636446597,5.011151593644857,1.300812794118117,1.072268334053117,7.590179432948997,1054430,Daedalic Entertainment,SplitSide Games
Fate/stay night REMASTERED,2024-08-07,8,Indie,31040,29.99,764069.0,12.432516197496774,95,95.0,True,False,5.883132579735562,4.491921712586151,1.476976465759527,1.0945590337179676,24.615625,2396980,Aniplex Inc.,"TYPE-MOON,fuzz Inc."
Cyber Manhunt 2: New World - The Hacking Simulator,2024-05-09,5,Indie,91066,9.99,763279.0,5.428407888662228,92,92.0,True,False,5.882683313856011,4.9593562609628075,0.9995654882259823,0.7346724729486075,8.381602354336415,2421410,Spiral Up Games,Aluba Studio
Age of Water,2024-04-25,4,AA,28566,29.99,752577.0,40.17846919733193,61,61.0,True,False,5.876550941427748,4.455849431858154,1.476976465759527,1.603993386075339,26.34520058811174,2695490,Gaijin Network Ltd,Three Whales Studio
Metal Slug: Awakening,2024-07-19,7,Indie,141042,0.0,751373.0,12.47894042688811,60,60.0,True,True,5.875855584975849,5.149348457705938,,1.0961777114448634,5.327299669601962,2963870,HAOPLAY Limited,Tencent
Welcome to ParadiZe,2024-02-29,2,AA,31996,29.99,744243.0,11.46851070052296,65,65.0,True,False,5.871714758568114,4.50509568811646,1.476976465759527,1.0595070241314948,23.260501312664083,1519090,Nacon,Eko Software
Prince of Persia The Lost Crown,2024-08-08,8,AAA,32997,39.99,743441.0,12.309219921885283,78,78.0,True,False,5.87124650831036,4.518474456766636,1.6019514041335217,1.090230531050293,22.53056338455011,2751000,Ubisoft,Ubisoft Montpellier
Level Zero: Extraction,2024-08-13,8,AA,45552,19.99,742914.0,16.09604183194644,66,66.0,True,False,5.870938542580029,4.65850744980288,1.300812794118117,1.2067190920636999,16.309141201264488,1456940,tinyBuild,Doghowl Games
Oblivion Override,2024-01-24,1,Indie,61267,17.99,725958.0,13.942909524853192,92,92.0,True,False,5.860911495499165,4.78722661518843,1.2550311633455513,1.144353409252678,11.849086784076256,1952370,Paleo,Humble Mill
Tales & Tactics,2024-08-15,8,Indie,53902,17.99,724772.0,19.324987990798324,82,82.0,True,False,5.860201406964034,4.731604879710846,1.2550311633455513,1.2861192327051547,13.446105895885124,1652250,"Yogscast Games,Gamersky Games",Table 9 Studio
Spiritfall,2024-02-28,2,Indie,45670,19.99,723249.0,13.377384058933654,93,93.0,True,False,5.859287841843308,4.659631011607001,1.300812794118117,1.1263711956557456,15.836413400481716,1835240,Gentle Giant,Gentle Giant
Starcom: Unknown Space,2024-09-02,9,Indie,38592,24.99,720375.0,18.31690218752013,91,91.0,True,False,5.857558632589413,4.586497286124039,1.39776625612645,1.262852026284584,18.66643345771144,1750770,"Wx3 Labs, LLC","Wx3 Labs, LLC"
Plane Mechanic Simulator,2024-02-14,2,Indie,110431,11.99,719997.0,4.490614087649444,60,60.0,True,False,5.857330686867157,5.0430910049066675,1.0788191830988487,0.6523057344646993,6.519881192781012,803980,Movie Games S.A.,"Cobble Games,Disaster Studio"
OUTBRK,2024-06-28,6,Indie,22704,34.99,714971.0,13.129795146256964,79,79.0,True,False,5.854288426702625,4.356102378113399,1.5439439424829065,1.1182579501912133,31.49097075405215,1107320,Sublime,Sublime
Pro Cycling Manager 2024,2024-06-06,6,AA,19951,39.99,709826.0,40.09035924723011,65,65.0,True,False,5.851151902943002,4.299964668624155,1.6019514041335217,1.6030399479539548,35.57846724474964,2494350,Nacon,Cyanide Studio
Ale & Tale Tavern,2024-09-05,9,Indie,58289,14.99,707686.0,3.760395364186901,86,86.0,True,False,5.849840604135868,4.765586604672555,1.1758016328482794,0.5752335086132936,12.140987150234178,2683150,"GrabTheGames,UpgradePoint",Scienart Games
Ultimate General: American Revolution,2024-06-06,6,Indie,16607,49.99,705648.0,25.63686490370842,76,76.0,True,False,5.848588114961222,4.220291185665156,1.6988831367525903,1.4088649148301027,42.490997772023846,1901910,Game-Labs,Game-Labs
Until Then,2024-06-25,6,Indie,42561,19.99,704108.0,10.328552351899267,99,99.0,True,False,5.847639278753872,4.629011823454751,1.300812794118117,1.014039455146004,16.543502267333945,1574820,Maximum Entertainment,Polychroma Games
Robin Hood - Sherwood Builders,2024-02-29,2,AA,29781,29.99,702787.0,14.996376394279752,72,72.0,True,False,5.846823719413351,4.473939276599178,1.476976465759527,1.175986332250132,23.59850240085961,1159420,PlayWay S.A.,MeanAstronauts
Home Safety Hotline,2024-01-16,1,Indie,51830,14.99,700241.0,2.6434286805013034,92,92.0,True,False,5.845247535667037,4.714581208839531,1.1758016328482794,0.4221675976680961,13.51034150106116,2357910,Night Signal Entertainment,Night Signal Entertainment
Gatekeeper,2024-05-13,5,Indie,60295,14.99,691110.0,7.129803716146882,86,86.0,True,False,5.839547177028293,4.780281299495999,1.1758016328482794,0.8530775738676181,11.462144456422587,2106670,HypeTrain Digital,Gravity Lagoon
恋爱单选题,2024-07-18,7,Indie,74201,10.99,688783.0,6.164275466198359,85,85.0,True,False,5.83808241966322,4.870409758264949,1.0409976924234905,0.7898820380244475,9.282664654115171,2865490,"无忧传媒,指间宇宙",无忧传媒
Lotus Lantern: Rescue Mother,2024-04-11,4,Indie,84001,9.99,684821.0,6.675683909404666,80,80.0,True,False,5.835577069490773,4.924284456203511,0.9995654882259823,0.8244957648479414,8.152533898405972,2319030,Plaisir Games,Unstable Games
Monster Hunter Stories,2024-06-13,6,AAA,25340,29.99,683951.0,22.701533084636345,88,88.0,True,False,5.83502498886648,4.403806610547423,1.476976465759527,1.3560551870484325,26.99096290449881,2356560,"CAPCOM Co., Ltd.","CAPCOM Co., Ltd."
UNDERDOGS,2024-01-25,1,Indie,27593,29.99,683121.0,3.76814716744285,98,98.0,True,False,5.834497636299431,4.440798920943712,1.476976465759527,0.5761278561060382,24.757039828942123,2441700,One Hamsa,One Hamsa
Umamusume: Pretty Derby – Party Dash,2024-08-29,8,AA,16684,44.99,675551.0,5.166505747062647,66,66.0,True,False,5.829658141192983,4.222300181173794,1.6531159931655668,0.7131969168213882,40.49094941261089,2313020,"Cygames, Inc.","Cygames, Inc.,Arc System Works"
War Hospital,2024-01-11,1,AA,27672,29.99,673600.0,12.325651287457022,60,60.0,True,False,5.828402078491593,4.442040549006305,1.476976465759527,1.090809876677517,24.34229546111593,1553000,Nacon,Brave Lamb Studio S.A.
Slice & Dice,2024-03-20,3,Indie,77805,8.99,673586.0,20.542735392217416,97,97.0,True,False,5.8283930520873,4.891007507049267,0.9537596917332288,1.3126582721069198,8.657361352098194,1775490,Tann,Tann
Tavern Manager Simulator 🍻,2024-08-13,8,Indie,62204,12.99,673225.0,5.9371905550515685,84,84.0,True,False,5.82816023499311,4.79381831269841,1.113609151073028,0.7735809878984912,10.822857050993504,2756770,One More Time,One More Time
Classified: France '44,2024-03-05,3,AA,23879,49.99,670774.0,17.692649262011187,82,82.0,True,False,5.826576220488363,4.378016135540437,1.6988831367525903,1.2477928681684571,28.09053980484945,2085370,Team17,Absolutely Games
Car Manufacture,2024-08-01,8,AA,40273,19.99,668524.0,10.74006526210832,80,80.0,True,False,5.8251170030422355,4.605013982101039,1.300812794118117,1.0310069203660888,16.59980632185335,983380,PlayWay S.A.,STEREO GAMES S.A.
Skull and Bones,2024-08-22,8,AAA,30388,59.99,667814.0,14.60857630629658,0,,False,False,5.824655519329036,4.482702117732248,1.778078861937455,1.16460789338488,21.97624062129788,2853730,Ubisoft,Ubisoft Singapore
Duck Detective: The Secret Salami,2024-05-23,5,Indie,79652,9.99,663730.0,1.679108723483934,96,96.0,True,False,5.821991447806284,4.901196685071977,0.9995654882259823,0.22507881792506068,8.332872997539296,2637990,Happy Broccoli Games,Happy Broccoli Games
MILF's Plaza,2024-04-19,4,Indie,54936,14.99,661717.0,5.261923537851022,69,69.0,True,False,5.82067229213393,4.739857034386149,1.1758016328482794,0.7211445329684899,12.045234454638123,2706300,TopHouse Publishing,Texic
Cluckmech Oasis,2024-05-09,5,Indie,77537,9.99,649091.0,22.85835077991378,87,87.0,True,False,5.812305587443503,4.889508993619212,0.9995654882259823,1.3590448930312344,8.371371087351845,2453360,Mammorize,BlackLight
Beer Factory,2024-01-10,1,Indie,40391,18.99,648123.0,8.18082594869134,52,52.0,True,False,5.811657433574498,4.606284605561811,1.2785249647370176,0.9127971529195716,16.046223168527643,1782570,"CreativeForge Games,PlayWay S.A.",AKEL
Steps of Debauchery,2024-02-05,2,Indie,49713,14.99,646945.0,6.193347100644998,0,,False,False,5.810867360712258,4.696469972033241,1.1758016328482794,0.7919254203406798,13.013598052823204,2649970,FooxiedGames,FooxiedGames
Yakuza Rogue: Yokohama massage parlor chapter,2024-05-28,5,Indie,58817,12.99,638497.0,7.231949832167666,83,83.0,True,False,5.8051588610567455,4.769502869258566,1.113609151073028,0.8592554047891651,10.855653977591512,2857880,WAKUWAKU,WAKUWAKU
Dale & Dawson Stationery Supplies,2024-08-30,8,Indie,95537,7.99,634206.0,4.186376780152751,97,97.0,True,False,5.8022303464179155,4.980171599686484,0.9025467793139914,0.621838312912696,6.638328605671101,2920570,Striped Panda Studios,Striped Panda Studios
Lorelei and the Laser Eyes,2024-05-16,5,AA,28142,24.99,632941.0,11.174563857548948,96,96.0,True,False,5.801363228866258,4.4493549587027985,1.39776625612645,1.0482305816512958,22.490974344396275,2008920,Annapurna Interactive,Simogo
Minami Lane,2024-02-28,2,Indie,147247,4.99,632369.0,2.804406343676304,0,,False,False,5.800970571793175,5.16804645526411,0.69810054562339,0.4478409408319847,4.294613812165952,2678990,"Doot,Wholesome Games Presents","Doot,Blibloop"
Wild West Dynasty,2024-08-22,8,Indie,32024,26.99,625495.0,8.080317945857818,33,33.0,True,False,5.796223842436971,4.505475577097049,1.4312028845565166,0.907428449811086,19.532069697726705,1329880,Toplitz Productions,Moon Punch Studio
POOLS,2024-04-26,4,Indie,75464,9.79,623473.0,2.8443771540274825,95,95.0,True,False,5.794817650749752,4.877739821430666,0.9907826918031378,0.45398718173885144,8.26185995971589,2663530,"Tensori,UNIKAT Label",Tensori
Lil' Guardsman,2024-01-23,1,Indie,35849,19.99,611012.0,6.60034270025886,95,95.0,True,False,5.786049739673989,4.554477045623369,1.300812794118117,0.819566485385427,17.04404585901978,1924360,"Versus Evil,tinyBuild",Hilltop Studios
Kalpa of Sword,2024-01-31,1,Indie,207970,0.0,606780.0,28.111487732646168,0,,False,True,5.783031257624278,5.318000691817921,,1.4488838302030103,2.91763235081983,2739600,Orienjoy,孤帆工作室
Dawn of Defiance,2024-08-15,8,Indie,43439,19.99,605601.0,12.638898749100711,80,80.0,True,False,5.782186583622339,4.63787981889477,1.300812794118117,1.101709234703937,13.941412095121896,2059530,Traega Entertainment,Traega Entertainment
Murky Divers,2024-06-19,6,Indie,133629,5.99,605472.0,5.7234479424214015,88,88.0,True,False,5.782094064032888,5.1259007184183485,0.7774268223893114,0.7576577370509519,4.530992524077857,2963880,Oro Interactive,Embers
Platform 8,2024-05-31,5,Indie,167800,3.99,602569.0,0.9864579579325782,86,86.0,True,False,5.780006785028597,5.224791956492681,0.6009728956867483,-0.005921419308868583,3.590995232419547,2903560,KOTAKE CREATE,KOTAKE CREATE
Laysara: Summit Kingdom,2024-04-10,4,Indie,37722,19.99,602187.0,8.358782444731016,84,84.0,True,False,5.779731375738007,4.576594710733831,1.300812794118117,0.9221430219313363,15.963814219818673,1823950,"Future Friends Games,Quite OK Games",Quite OK Games
Arms Trade Tycoon: Tanks,2024-02-06,2,Indie,22152,29.99,601167.0,10.179553939681757,74,74.0,True,False,5.77899513274113,4.345412942737518,1.476976465759527,1.007728747963499,27.13827193932828,1662210,MicroProse Software,FunGi
Turnip Boy Robs a Bank,2024-01-18,1,Indie,49027,14.99,600836.0,3.8171493812781394,96,96.0,True,False,5.778755946188112,4.6904353192444015,1.1758016328482794,0.5817391560704906,12.255206314887715,2097230,Graffiti Games,Snoozy Kazoo
Star Trek: Resurgence,2024-05-23,5,Indie,30539,24.99,597802.0,6.086680921848769,91,91.0,True,False,5.776557363676683,4.484854811974092,1.39776625612645,0.7843805356099993,19.575035200890664,2653940,Bruner House,Dramatic Labs
Hospital 666,2024-03-05,3,Indie,102445,7.99,596521.0,2.5738297964679915,72,72.0,True,False,5.775625737232822,5.010490766784067,0.9025467793139914,0.4105798242704827,5.822841524720582,2774380,Lokin,Lokin
Dice & Fold,2024-06-24,6,Indie,56528,12.99,582729.0,8.30640528155963,0,,False,False,5.765466631659021,4.75226362009077,1.113609151073028,0.9194131171484038,10.308678884800452,2693930,"Rogue Duck Interactive,Gamersky Games",Tinymice Entertainment
Artisan TD,2024-07-22,7,Indie,41175,16.99,577505.0,14.72206964107766,91,91.0,True,False,5.761555748673289,4.6146336078417916,1.2301933788690456,1.1679688677811801,14.025622343655131,2224640,Unexpected,4rtisans
Caribbean Legend,2024-02-15,2,Indie,26133,29.99,562753.0,43.28639704487596,76,76.0,True,False,5.750317818874642,4.417189268459015,1.476976465759527,1.63635143869724,21.53419048712356,2230980,"BlackMark Studio,Valkyrie Initiative",BlackMark Studio
SKALD: Against the Black Priory,2024-05-30,5,AA,44588,14.99,560803.0,13.160084375258686,96,96.0,True,False,5.748810328211029,4.649217992456271,1.1758016328482794,1.1192586737453976,12.57744236117341,1069160,Raw Fury,High North Studios AS
Supermarket Together,2024-08-09,8,Indie,2085116,0.0,554295.9124042441,6.334958879516334,0,,False,True,5.743741675946192,6.3191302208246665,,0.8017438002049204,0.2658345686303515,2709570,DeadDevsTellNoLies,DeadDevsTellNoLies
SteamWorld Heist II,2024-08-08,8,Indie,21930,29.99,552082.0,15.884763355350692,96,96.0,True,False,5.742003587697809,4.341038631677523,1.476976465759527,1.2009807492713878,25.17473780209758,2396240,Thunderful Publishing,Thunderful Development
Autopsy Simulator,2024-06-06,6,Indie,25263,24.99,548556.0,3.5028611346440464,45,45.0,True,False,5.7392209696492005,4.402484922073764,1.39776625612645,0.5444229207452634,21.713810711316945,1283230,Team17 Digital Ltd,Woodland Games
Vanity Fair: The Pursuit,2024-02-19,2,Indie,123654,6.99,543074.0,4.614620041573028,0,,False,False,5.734859011176309,5.092208169624367,0.8444771757456814,0.6641359479098286,4.391883804810196,2758000,WaveGame,MuYan Studio
Resist the succubus—The end of the female Knight,2024-07-26,7,Indie,54751,16.99,535736.0,4.66734514818441,77,77.0,True,False,5.728950830759709,4.73839205575902,1.2301933788690456,0.6690699179645261,9.784953699475809,1868000,OTAKU Plan,BoRoBoRoGame
Garden Life: A Cozy Simulator,2024-02-22,2,AA,25529,24.99,530576.0,14.706945589014907,80,80.0,True,False,5.724747601275221,4.407033803328038,1.39776625612645,1.1675224856727904,20.783266089545226,1915380,Nacon,stillalive studios
Penny’s Big Breakaway,2024-02-21,2,AA,23256,29.99,524794.0,5.13330423733239,82,82.0,True,False,5.719988861082186,4.366535018762371,1.476976465759527,0.7103970045060604,22.56596147230822,1955230,Private Division,Evening Star
Omega Crafter,2024-03-28,3,Indie,23653,24.99,523807.0,14.278842039307648,0,,False,False,5.719171297909488,4.373886231789153,1.39776625612645,1.1546929892097713,22.145478374836173,2262080,Preferred Networks,Preferred Networks
Fractured Online,2024-07-24,7,Indie,31955,14.99,521570.0,43.82106499089426,55,55.0,True,False,5.717312603411842,4.504538821884575,1.1758016328482794,1.641682928086582,16.322015334063526,1426050,Dynamight Studios,Dynamight Studios
DRAGON QUEST BUILDERS,2024-02-13,2,AA,22804,27.99,519305.0,24.669839632030605,92,92.0,True,False,5.715422504112398,4.358011032332095,1.4470028984661623,1.3921663263381125,22.77253990527977,2436570,Square Enix,Square Enix
Spectre Divide,2024-09-03,9,Indie,584912,0.0,515874.0,3.7906067463564392,53,53.0,True,True,5.7125436400247445,5.767090531399778,,0.5787087312092859,0.8819685696309872,2641470,Mountaintop Studios,Mountaintop Studios
RIPOUT,2024-05-28,5,Indie,25078,24.99,510816.0,9.22208996429652,78,78.0,True,False,5.70826449196429,4.399292898043911,1.39776625612645,0.9648293545790049,20.36908844405455,1558830,3D Realms,Pet Project Games
Song Of The Prairie,2024-07-31,7,Indie,34212,19.99,508466.0,26.52511977011552,86,86.0,True,False,5.706261917915481,4.534178463357085,1.300812794118117,1.4236573535680186,14.862212089325382,1350840,AOE Plus,The Droplet Studio
SpellRogue,2024-02-12,2,Indie,38313,15.99,504572.0,22.424010541240484,0,,False,False,5.702923146730726,4.583346159616461,1.2038484637462348,1.3507132889085578,13.169733510818782,1990110,Ghost Ship Publishing,Guidelight Games
Train Capacity 300%,2024-06-26,6,Indie,10037,59.99,499436.0,3.783498398295651,76,76.0,True,False,5.6984798436578075,4.001603924149798,1.778078861937455,0.5778935544496128,49.75948988741656,2441570,072 Project,ベルゼブブ
The Settlers: New Allies,2024-03-26,3,AAA,24828,59.99,498522.0,29.116687826484263,52,52.0,True,False,5.69768432868133,4.39494173671336,1.778078861937455,1.4641419702119496,20.07902368293862,2750080,Ubisoft,Ubisoft Düsseldorf
[Chilla's Art] Shinkansen 0 | 新幹線 0号,2024-03-22,3,Indie,78706,6.99,492076.0,1.803159642267536,85,85.0,True,False,5.692032183725925,4.896007841222675,0.8444771757456814,0.2560341785730089,6.252077351154931,2793370,Chilla's Art,Chilla's Art
ROBOBEAT,2024-05-14,5,Indie,31582,19.99,491385.0,6.909824832526566,97,97.0,True,False,5.691421895089408,4.499439629201742,1.300812794118117,0.8394670379340575,15.559020961307072,1456760,Kwalee,Simon Fredholm
Denizen,2024-04-29,4,Indie,28820,19.99,489411.0,7.776756483905562,78,78.0,True,False,5.689673726326792,4.45969397647797,1.300812794118117,0.8907984999642714,16.981644691186677,2010030,Departure Interactive,Departure Interactive
I Wani Hug that Gator!,2024-02-14,2,Indie,38369,14.99,481057.0,14.51670755792052,99,99.0,True,False,5.6821965385751305,4.583980480456036,1.1758016328482794,1.16186812796415,12.537647580077667,1895350,Cavemanon,Cavemanon
Corpse Keeper,2024-05-28,5,Indie,33315,19.99,480134.0,11.798358652481376,79,79.0,True,False,5.681362460998442,4.522639817604155,1.300812794118117,1.0718215939373932,14.411946570613836,1601740,Thermite Games,Melancholia Studio
SILENT BREATH,2024-04-05,4,Indie,55920,9.99,478886.0,1.253684919186634,70,70.0,True,False,5.6802321408396,4.747567162737625,0.9995654882259823,0.09818840168412268,8.563769670958512,2796180,EXODIAC STUDIOS,EXODIAC STUDIOS
Romantic Escapades,2024-08-02,8,Indie,27493,19.99,478599.0,4.777122589943246,89,89.0,True,False,5.679971786849638,4.439222132071866,1.300812794118117,0.6791663862389246,17.40803113519805,2897760,Salamander Interactive,Salamander Interactive
9-Bit Armies: A Bit Too Far,2024-08-26,8,Indie,31112,19.99,477043.0,11.292738471310066,89,89.0,True,False,5.6785575275119005,4.492927930139404,1.300812794118117,1.0527992704249771,15.33308691180252,1439750,Petroglyph,Petroglyph
An alt girl for skoof,2024-04-21,4,Indie,142590,4.99,476684.0,2.0744072440511374,0,,False,False,5.678230574984884,5.154089069014421,0.69810054562339,0.3168940203665508,3.343039483834771,2901520,Terletski Games,"Terletski Games,RIKANIMATION"
Remnant Records,2024-01-23,1,Indie,40789,15.99,476002.0,6.249774400407087,86,86.0,True,False,5.67760877748339,4.6105430581044065,1.2038484637462348,0.7958643407958123,11.669861972590647,1916310,Noctiluca Studio,Noctiluca Studio
Lust Academy - Season 3,2024-05-27,5,Indie,35401,14.99,473076.0,8.985764778175827,89,89.0,True,False,5.674930916063886,4.549015530058215,1.1758016328482794,0.9535550458086067,13.363351317759385,2655960,Bear in the Night,Bear in the Night
Loop Queen-Escape Dungeon 3,2024-01-08,1,Indie,28946,19.99,469651.0,5.51790199892241,84,84.0,True,False,5.671775251391045,4.461588557771539,1.300812794118117,0.7417739828946758,16.225074276238512,1950450,"Hide Games,PlayMeow",Hide Games
Anonymous Hacker Simulator,2024-04-03,4,Indie,30891,19.99,469375.0,7.376180049745447,86,86.0,True,False,5.671519954348244,4.489831967461449,1.300812794118117,0.8678315091378394,15.194555048395973,2487060,"G-DEVS.com,CreativeForge Games",Sicarius
KINGDOM HEARTS HD 2.8 Final Chapter Prologue,2024-06-13,6,AA,12254,59.99,467421.0,11.294433700423134,80,80.0,True,False,5.669708220206923,4.088277875995935,1.778078861937455,1.052864460404949,38.14436102497144,2552440,Square Enix,Square Enix
Contractors Showdown,2024-04-25,4,Indie,27141,19.99,466608.0,18.18104801253864,80,80.0,True,False,5.668952180505893,4.43362584503636,1.300812794118117,1.2596189137013625,17.191997347186913,2719160,Caveman Studio,Caveman Studio
SaGa Emerald Beyond ,2024-04-25,4,AA,10425,49.99,464418.0,56.864651920884434,75,75.0,True,False,5.666909043859775,4.018076063645795,1.6988831367525903,1.7548423850929165,44.54848920863309,2085000,Square Enix,Square Enix
Dream Engines: Nomad Cities,2024-05-09,5,Indie,23463,29.99,458980.0,24.13013396183912,75,75.0,True,False,5.661793761618136,4.370383540607654,1.476976465759527,1.3825597329624957,19.561863359331717,1076750,"Suncrash,Gamera Games",Suncrash
SAMURAI WARRIORS 4 DX,2024-05-13,5,AA,10192,49.99,458548.0,14.780196821244653,88,88.0,True,False,5.661384803569889,4.008259414991275,1.6988831367525903,1.1696802174019283,44.99097331240189,2719200,"KOEI TECMO GAMES CO., LTD.","KOEI TECMO GAMES CO., LTD."
SUMMERHOUSE,2024-03-08,3,Indie,124989,4.99,457163.0,2.329047690339736,95,95.0,True,False,5.660071073984678,5.096871793411962,0.69810054562339,0.36717838138111125,3.657625871076655,2533960,Future Friends Games,Friedemann
Self Defense Dojo,2024-04-11,4,Indie,49053,10.99,454488.0,9.62940872357666,87,87.0,True,False,5.657522420885636,4.69066557325733,1.0409976924234905,0.9835996208761878,9.265243715980674,2534120,WAKUWAKU,WAKUWAKU
Rising Lords,2024-01-18,1,Indie,31478,19.99,450937.0,11.480690698372614,73,73.0,True,False,5.654115871227118,4.4980071310391,1.300812794118117,1.0599680167612973,14.325465404409428,835650,"Deck13,WhisperGames",Argonwood
Ogu and the Secret Forest,2024-07-29,7,Indie,29556,24.99,447349.0,12.38599020840312,96,96.0,True,False,5.650646470862359,4.470645657886728,1.39776625612645,1.0929307323473636,15.135640817431316,1985960,Sinkhole Studio,"Moonlab Studio,Sinkhole Studio"
失业了，我获得了亿万游戏财产！,2024-08-08,8,Indie,41154,12.99,442047.0,5.434507313639457,0,,False,False,5.6454684475289145,4.61441205324213,1.113609151073028,0.7351601775544966,10.741288817611895,2875140,Bolingogames,Bolingogames
Guardians of Eden-Embrace of the Forest,2024-03-07,3,Indie,47876,10.99,440759.0,3.4102798584792144,93,93.0,True,False,5.644201189060823,4.680117858307149,1.0409976924234905,0.5327900200499989,9.206262010193,2672430,"Mango Party,Mango Party News",Black Cat Entertainment
STAR WARS™: Bounty Hunter™,2024-07-31,7,Indie,25198,19.99,440677.0,4.710997589917462,90,90.0,True,False,5.644120384220496,4.4013660715976775,1.300812794118117,0.6731128820591178,17.488570521469956,2419090,Aspyr,Aspyr
Trans-Siberian Railway Simulator,2024-05-30,5,AA,26748,19.99,439367.0,7.473760984153682,92,92.0,True,False,5.642827434796365,4.427291314527863,1.300812794118117,0.8735392047093674,16.42616270375355,998400,PlayWay S.A.,Pentacle
Inkulinati,2024-02-22,2,AA,32914,24.99,438381.0,10.260957164525532,89,89.0,True,False,5.641851722999189,4.517380664803177,1.39776625612645,1.0111878746045317,13.31898280367017,957960,Daedalic Entertainment,Yaza Games
Meta-Ghost: The Breaking Show,2024-04-24,4,Indie,29511,17.99,438131.0,27.94245613578306,74,74.0,True,False,5.641603982812129,4.46998392610869,1.2550311633455513,1.4462645778459968,14.84636237335231,2507980,"Flawless Gaming,Erabit",Scarecrow Studio
迷宮校舎 | School Labyrinth,2024-02-21,2,Indie,72520,6.99,433805.0,6.621443293132326,83,83.0,True,False,5.637294553348749,4.860457795423471,0.8444771757456814,0.820952664050578,5.981867071152785,2423300,RainyDollGames,RainyDollGames
Flintlock: The Siege of Dawn,2024-07-17,7,Indie,13360,39.99,428492.0,8.54822977632938,78,78.0,True,False,5.631942718001834,4.125806458139527,1.6019514041335217,0.931876187480184,32.07275449101797,1832040,Kepler Interactive,A44 Games
Touhou Hero of Ice Fairy,2024-04-03,4,Indie,113539,6.99,426279.0,7.463627015339362,98,98.0,True,False,5.629693938303331,5.055145064837479,0.8444771757456814,0.8729499280016566,3.7544720316367055,1955830,GAMEPULSE 游戏脉冲,GAMEPULSE 游戏脉冲
River Town Factory,2024-02-06,2,Indie,49851,14.99,422423.0,22.97850275057128,91,91.0,True,False,5.625747556545513,4.697673874586009,1.1758016328482794,1.3613217272091378,8.473711660749032,2281410,"iFAction Studio,BD Games",iFAction Studio
Enishia and the Binding Brand,2024-05-10,5,Indie,36535,14.99,420150.0,8.334240655135321,89,89.0,True,False,5.62340436787925,4.562709111681236,1.1758016328482794,0.9208660367606082,11.49993157246476,2582650,Kagura Games,Shimobashira Workshop
The Witch of Fern Island,2024-02-27,2,Indie,24841,24.99,419597.0,42.1769780679866,80,80.0,True,False,5.622832374449778,4.395169074827421,1.39776625612645,1.6250754598175676,16.89130872348134,1550010,indie.io,Enjoy Studio S.A.
Aquarist,2024-03-29,3,AA,49828,15.99,418284.0,5.791556271643747,85,85.0,True,False,5.621471252473032,4.697473455776409,1.2038484637462348,0.762795280371631,8.394557277032993,1430760,"PlayWay S.A.,FreeMind S.A.",FreeMind S.A.
TRIBES 3: Rivals,2024-03-12,3,Indie,25090,19.99,409596.0,23.34107405843711,73,73.0,True,False,5.612355706790016,4.399500661314611,1.300812794118117,1.368120836581678,16.325069748903946,2687970,Prophecy Games,Prophecy Games
Children of the Sun,2024-04-09,4,AA,29898,14.99,405492.0,2.7145806764945544,94,94.0,True,False,5.607982290384097,4.475642137554701,1.1758016328482794,0.4337027532806098,13.562512542644994,1309950,Devolver Digital,René Rother
Mahjong Soul,2024-07-23,7,Indie,50514,0.0,404777.0,13.097029411695926,92,92.0,True,True,5.607215827307863,4.703411759903079,,1.1171728028004317,8.013164667220968,2739990,YOSTAR HONG KONG LIMITED,Catfood Studio
Bulwark Evolution: Falconeer Chronicles,2024-03-26,3,Indie,25933,19.99,404450.0,11.639992881791208,81,81.0,True,False,5.606864839752301,4.413852760042867,1.300812794118117,1.0659527147296992,15.595958816951375,290100,Wired Productions,Tomas Sala
Contra: Operation Galuga,2024-03-12,3,AA,12497,39.99,398126.0,8.399051408132877,87,87.0,True,False,5.600020540527618,4.096805769822717,1.6019514041335217,0.9242302394575349,31.857725854205007,2235020,KONAMI,WayForward
IN HEAT: Lustful Nights,2024-06-21,6,Indie,32781,14.99,397065.0,6.52036594813416,92,92.0,True,False,5.598861607092148,4.515622197796337,1.1758016328482794,0.8142719707005373,12.112656721881578,1962890,Critical Bliss,MonsterBox
Harold Halibut,2024-04-16,4,Indie,14341,34.99,394548.0,6.805622153637477,82,82.0,True,False,5.596099846245131,4.156579435804574,1.5439439424829065,0.832867833513028,27.51188898961021,924750,Slow Bros.,Slow Bros.
All Quiet in the Trenches,2024-01-17,1,Indie,16987,24.99,389794.0,5.104839946954534,91,91.0,True,False,5.590835149848441,4.23011668678622,1.39776625612645,0.7079821301165374,22.946606228292225,863500,Totally Not Aliens,Totally Not Aliens
Sex of Thrones 👑,2024-05-25,5,Indie,41711,14.99,388950.0,2.4595185609427723,77,77.0,True,False,5.589893775825033,4.620250601959854,1.1758016328482794,0.3908501043438595,9.324878329457457,2480200,Taboo Tales 💘,Taboo Tales 💘
Ancient Warfare 3,2024-01-26,1,Indie,51499,12.99,387300.0,30.295830170722663,95,95.0,True,False,5.588047496986083,4.711798796056756,1.113609151073028,1.4813828575958454,7.520534379308336,758990,Jannik Nickel,Jannik Nickel
Mech Engineer,2024-05-21,5,Indie,33261,14.99,386128.0,14.715389523377375,76,76.0,True,False,5.586731295549415,4.5219353022483,1.1758016328482794,1.1677717625698036,11.609031598568894,1428520,MicroProse Software,KiberKreker
Knightly Passions,2024-04-26,4,Indie,38551,11.99,384939.0,8.01276168996395,92,92.0,True,False,5.585391913762185,4.586035647986175,1.0788191830988487,0.9037822264459289,9.985188451661436,1554260,FEYADA,FEYADA
LoveCraft,2024-04-09,4,Indie,17668,0.0,382551.0,61.80570131947321,79,79.0,True,True,5.582689341560505,4.247187390586354,,1.791028538800475,21.652196060674665,2692440,WEALTHBIRD,WEALTHBIRD
SunnySide,2024-06-14,6,Indie,16881,29.99,381290.0,27.80376143819145,71,71.0,True,False,5.581255415287389,4.227398169873655,1.476976465759527,1.444103553520469,22.58693205378828,1746930,"Merge Games,Maximum Entertainment",RainyGames
Beltmatic,2024-03-29,3,Indie,62742,6.99,381263.0,11.198090277602097,93,93.0,True,False,5.581224660832246,4.797558358402527,0.8444771757456814,1.0491439644008285,6.07667909853049,2674590,Notional Games,Notional Games
Dicefolk,2024-02-27,2,AA,31466,14.99,380842.0,13.233308403295124,90,90.0,True,False,5.58074483719776,4.497841538326658,1.1758016328482794,1.1216684338831333,12.10328608656963,1996430,Good Shepherd Entertainment,"LEAP Game Studios,Tiny Ghoul"
Snezhinka:Sentinel Girls2,2024-08-26,8,Indie,57593,7.99,378779.0,4.930358135271555,97,97.0,True,False,5.578385893148203,4.760369701372618,0.9025467793139914,0.6928784670506771,6.576823572309134,2608350,hinyari9,hinyari9
Garten of Banban 7,2024-05-10,5,Indie,42078,9.99,378109.0,4.023750790547608,83,83.0,True,False,5.577617014849493,4.624055089282426,0.9995654882259823,0.6046310750196545,8.985907124863349,2693060,Euphoric Brothers,Euphoric Brothers
Anomaly Agent,2024-01-24,1,Indie,57981,11.99,375083.0,10.02888096448273,97,97.0,True,False,5.57412738093691,4.763285701373182,1.0788191830988487,1.0012524765834345,6.469067453131198,2378620,"Phew Phew Games,GameDev.ist",Phew Phew Games
Withering Rooms,2024-04-05,4,Indie,17777,24.99,373115.0,18.018266950413388,98,98.0,True,False,5.57184270893437,4.249858472417371,1.39776625612645,1.2557130169389712,20.988637002868877,2006140,Perp Games,Moonless Formless
Clothing Store Simulator,2024-06-17,6,Indie,36906,12.99,372353.0,17.46639916897099,94,94.0,True,False,5.570954857247998,4.567096977407392,1.113609151073028,1.2422033811001667,10.08922668400802,2923390,Kiki Games,Kiki Games
Sketchy's Contract,2024-04-09,4,Indie,51018,8.99,367697.0,10.275375648935109,83,83.0,True,False,5.565490086521675,4.707723429460193,0.9537596917332288,1.0117977078500555,7.207201379905132,2823080,Dimensionless Games,Dimensionless Games
Dealer Simulator,2024-01-29,1,Indie,29327,13.99,366870.0,10.789308195923498,68,68.0,True,False,5.56451219971685,4.467267639179579,1.1458177144918276,1.0329935988696568,12.509632761618986,2625620,Quadfix Games,Quadfix Games
First Cut: Samurai Duel,2024-01-17,1,Indie,46699,8.99,366211.0,4.945140092145561,88,88.0,True,False,5.563731385207492,4.669307580798836,0.9537596917332288,0.6941785993475508,7.8419452236664595,2193490,Night Eyes Interactive,Night Eyes Interactive
Godsworn,2024-03-28,3,Indie,14834,29.99,365999.0,7.333360562268755,93,93.0,True,False,5.563479898795845,4.171258274675775,1.476976465759527,0.8653030386508775,24.672980989618445,1328990,Thunderoak Interactive,Thunderoak Interactive
Dungeons of Hinterberg,2024-07-18,7,AA,15320,29.99,365533.0,10.238644949560896,94,94.0,True,False,5.5629265907903385,4.185258765296585,1.476976465759527,1.0102424830197838,23.85985639686684,1983260,Curve Games,Microbird Games
Seablip,2024-05-17,5,Indie,28789,14.99,361489.0,6.631394402038207,0,,False,False,5.558095086383011,4.459226579708768,1.1758016328482794,0.8216048583350385,12.556497273264094,1471270,Vibedy,Jardar Solli
Tomorrow's Love Puzzle,2024-01-25,1,Indie,40360,9.99,357315.0,4.02736735920015,72,72.0,True,False,5.5530512481657475,4.605951157564873,0.9995654882259823,0.605021245896706,8.853196233894945,2726890,"柚元(上海)文化传媒有限公司,优酷视频",柚元(上海)文化传媒有限公司
Grim Clicker,2024-01-30,1,Indie,274957,0.0,355113.9777668873,122.75703853781792,80,80.0,True,True,5.5503677670567715,5.439264780656106,,2.089046402713534,1.2915255031400812,1160750,"EvilCharm Games,Aleksandr Golovkin",EvilCharm Games
Republic of Pirates,2024-06-19,6,Indie,16799,24.99,353044.0,10.567625186740496,78,78.0,True,False,5.547828835037613,4.225283430094444,1.39776625612645,1.0239774012929728,21.01577474849693,2103470,PQube,Crazy Goat Games
NUKITASHI 2,2024-02-15,2,Indie,22206,24.99,348104.0,16.60275279441949,0,,False,False,5.541709013712174,4.346470335478755,1.39776625612645,1.22018010155269,15.67612357020625,2614070,Shiravune,Qruppo
Internet Cafe & Supermarket Simulator 2024,2024-05-16,5,Indie,27902,14.99,347352.0,15.353030320444184,87,87.0,True,False,5.540769803819164,4.445635334378726,1.1758016328482794,1.1861941076021463,12.44900007167945,2738380,SmartPlayGames,SmartPlayGames
Intravenous 2,2024-08-15,8,Indie,21187,19.99,346213.0,8.817770568327841,96,96.0,True,False,5.5393433712293385,4.326069466588894,1.300812794118117,0.9453587946257686,16.34082220229386,2608270,HypeTrain Digital,Explosive Squat Games
Realms Of Bondage,2024-04-11,4,Indie,26401,14.99,346056.0,5.603960071763862,97,97.0,True,False,5.539146383541524,4.421620377106833,1.1758016328482794,0.7484950322749785,13.10768531495019,2353700,Pink Tea,Pink Tea
Endzone 2,2024-08-26,8,Indie,16983,24.99,343752.0,5.897411388827951,77,77.0,True,False,5.536245233635227,4.230014409604256,1.39776625612645,0.7706614241431068,20.240946829182125,2144640,Assemble Entertainment,Gentlymad Studios
The Magical Mixture Mill,2024-03-27,3,Indie,25696,19.99,343656.0,14.541935899621803,85,85.0,True,False,5.536123930797513,4.409865523598587,1.300812794118117,1.1626222259561827,13.373910336239105,1883800,HOOK,Glowlight
Beyond Good & Evil - 20th Anniversary Edition,2024-06-24,6,AAA,23369,19.99,343615.0,6.166170872664671,79,79.0,True,False,5.536072114050468,4.3686401285764855,1.300812794118117,0.7900155554257068,14.7038812101502,2556990,Ubisoft,Ubisoft
Concord™,2024-08-23,8,AAA,9512,39.99,342346.0,5.463667928003807,71,71.0,True,False,5.53446525789904,3.9782718416106353,1.6019514041335217,0.7374842958312214,35.99095878889823,2443720,PlayStation Publishing LLC,Firewalk Studios
X-Angels,2024-06-21,6,Indie,36871,10.99,341716.0,3.835195609566381,93,93.0,True,False,5.53366531403151,4.5666849165210195,1.0409976924234905,0.5837875195206734,9.26787990561688,2090810,"Mango Party,Barance Studio,Mango Party News",Barance Studio
Lovey-Dovey Lockdown,2024-03-13,3,Indie,40648,9.99,341695.0,1.7328866681044426,0,,False,False,5.533638623843255,4.609039181902239,0.9995654882259823,0.23877016050600022,8.406194646723087,2329630,"Mango Party,LewdLoco,Mango Party News","樹懶叫工作室,Sloth Gamer,Maker製造機"
Swarm Grinder,2024-04-22,4,Indie,61398,7.99,341153.0,5.644090790477779,82,82.0,True,False,5.532949194691748,4.788154224510703,0.9025467793139914,0.7515939911713205,5.556418775855891,1375900,"Last Bite Games,Gamersky Games",Last Bite Games
No Plan B,2024-04-03,4,Indie,28877,14.99,340655.0,13.046670351591878,91,91.0,True,False,5.532314767725654,4.460552072861558,1.1758016328482794,1.1154996892652576,11.79675866606642,1269020,GFX47,GFX47
Felvidek,2024-03-29,3,Indie,34405,10.99,340299.0,3.3707920864324303,99,99.0,True,False,5.531860672883291,4.536621562182411,1.0409976924234905,0.5277319656625286,9.890975148960909,2299900,Tutto Passa,"Jozef Pavelka,Vlado Ganaj"
Necrosmith 2,2024-03-27,3,Indie,56045,7.99,339556.0,10.07948469122065,0,,False,False,5.53091140891223,4.7485368735006706,0.9025467793139914,1.003438329581731,6.058631456865019,2277320,Alawar,Alawar
Master Bladesmith,2024-06-30,6,Indie,14297,29.99,339360.0,10.739834315403728,75,75.0,True,False,5.530660651172487,4.155244917176186,1.476976465759527,1.0309975815068393,23.736448205917327,1194830,Elixir Games,Elixir Games
Furnish Master,2024-02-19,2,Indie,26791,14.99,335843.0,3.571453533283467,78,78.0,True,False,5.5261363006976705,4.427988924372546,1.1758016328482794,0.552845004070008,12.535664962114144,2004080,Alex Blintsov,Alex Blintsov
Crown Wars: The Black Prince,2024-05-23,5,AA,9548,39.99,334624.0,18.441622190968985,58,58.0,True,False,5.524557086338789,3.979912410334717,1.6019514041335217,1.2657991204920123,35.04650188521156,1658920,Nacon,Artefacts Studio
1000xRESIST,2024-05-09,5,Indie,19741,19.99,334157.0,6.69160734978218,97,97.0,True,False,5.523950563258698,4.295369148510006,1.300812794118117,0.8255304495010746,16.927055367002684,1675830,Fellow Traveller,sunset visitor 斜陽過客
GRAVEN,2024-01-23,1,Indie,17974,24.99,333332.0,6.531416022391941,62,62.0,True,False,5.522877008098936,4.254644737354622,1.39776625612645,0.8150073472847051,18.54523200178035,1371690,"3D Realms,Fulqrum Publishing",Slipgate Ironworks™
Odd Realm,2024-08-16,8,Indie,36336,19.99,332069.0,19.791110214266443,90,90.0,True,False,5.521228334323653,4.56033711687566,1.300812794118117,1.2964701573395758,9.13884302069573,688060,Unknown Origin Games Inc,Unknown Origin Games Inc
9 Days,2024-03-08,3,Indie,24560,14.99,331338.0,10.927570712807812,62,62.0,True,False,5.520271246458264,4.39022836246913,1.1758016328482794,1.0385236255101569,13.490960912052117,2075720,MVR,MVR
Little-Known Galaxy,2024-05-20,5,Indie,19170,19.99,331297.0,23.28082226944025,95,95.0,True,False,5.520217503224717,4.282622112878062,1.300812794118117,1.3669983153581784,17.28205529473135,2521600,Carbon & Kay,Carbon & Kay
Ultros,2024-02-13,2,Indie,18046,24.99,329960.0,9.48568392777418,84,84.0,True,False,5.518461294931838,4.256380953031641,1.39776625612645,0.9770686494418815,18.284384351102737,2386310,Kepler Interactive,Hadoque
Goblin Stone,2024-03-12,3,Indie,16012,24.99,329360.0,23.564467837801327,55,55.0,True,False,5.517670853989429,4.204445581433068,1.39776625612645,1.3722576364268235,20.56957282038471,1521970,Orc Chop Games,Orc Chop Games
The Rogue Prince of Persia,2024-05-27,5,AAA,20166,19.99,328937.0,4.042430898585165,85,85.0,True,False,5.517112727213434,4.304619762853121,1.300812794118117,0.6066426048011593,16.311464841812953,2717880,Ubisoft,Evil Empire
Headquarters: World War II,2024-04-11,4,AA,10073,39.99,328150.0,17.039335573177947,78,78.0,True,False,5.516072408592942,4.003158833950862,1.6019514041335217,1.231452656010005,32.577186538270624,1840800,Slitherine Ltd.,Starni Games
Immortal Family,2024-07-11,7,Indie,37184,13.99,327846.0,20.283770415253127,56,56.0,True,False,5.515669889272855,4.570356106374218,1.1458177144918276,1.3071486862796529,8.816856712564544,2013240,方块游戏(CubeGame),一起来修仙工作室
Sinister Night 2,2024-04-03,4,Indie,37602,9.99,327297.0,60.02804119836794,82,82.0,True,False,5.514942024588735,4.575210945083614,0.9995654882259823,1.7783541719312608,8.704244455082177,2761670,Bug Inventors,Bug Inventors
Alex Jones: NWO Wars,2024-01-03,1,Indie,20806,17.76,323316.0,1.3669062849562543,94,94.0,True,False,5.5096271971564725,4.318188594151796,1.2494429614425822,0.1357387403750418,15.539555897337308,2487350,NWO Wars Team,NWO Wars Team
Pathless Woods,2024-04-02,4,Indie,24230,19.99,318984.0,31.74362012573788,77,77.0,True,False,5.503768899715555,4.3843534141375065,1.300812794118117,1.501656453325553,13.164836978951712,1726130,AniYa Games Studio,AniYa Games Studio
Bō: Path of the Teal Lotus,2024-07-17,7,AA,17722,19.99,318836.0,8.127703594245002,81,81.0,True,False,5.503567351992137,4.2485127322209,1.300812794118117,0.9099678571284484,17.990971673626003,1614440,Humble Games,"Squid Shock Studios,Christopher Stair,Trevor Youngquist"
Sons of Valhalla,2024-04-05,4,AA,19088,19.99,316497.0,4.631982260827467,65,65.0,True,False,5.500369597798491,4.280760426326267,1.300812794118117,0.6657668874984176,16.580940905280805,1409830,Hooded Horse,Pixel Chest
Banana,2024-04-23,4,Indie,30739148,0.0,312915.8051949718,26.142053584290064,85,85.0,True,True,5.495427499661399,7.487691825947511,,1.4173397005090402,0.0101797162756421,2923300,Sky,"Sky,AestheticSpartan,O'Brian"
Reign of Guilds,2024-04-04,4,Indie,9654,39.99,312155.0,49.44438001420057,70,70.0,True,False,5.494370295714588,3.984707294482673,1.6019514041335217,1.694116935619228,32.334265589393,716350,Atlant Games ltd,Atlant Games ltd
Gestalt: Steam & Cinder,2024-07-16,7,Indie,18409,19.99,311648.0,5.862918939678536,82,82.0,True,False,5.493664344153572,4.265030197723059,1.300812794118117,0.7681138897001177,16.929110761040796,1231990,Fireshine Games,Metamorphosis Games
Sacred X：Heavens Wonderland,2024-05-09,5,Indie,33358,0.0,311127.0,15.218051665922731,77,77.0,True,True,5.492937701376142,4.523200004345746,,1.1823590542149895,9.32690808801487,2857890,Sacred X：Heavens Wonderland,Sacred X：Heavens Wonderland
Songs of Silence,2024-06-04,6,Indie,9658,39.99,310683.0,8.54394550155806,0,,False,False,5.492317490113098,3.9848872010643275,1.6019514041335217,0.9316584695009498,32.16846137916753,2195410,"Chimera Entertainment,H2 Interactive (Korea and Japan)",Chimera Entertainment
CONSCRIPT,2024-07-23,7,AA,17794,19.99,309785.0,8.943197928709889,95,95.0,True,False,5.491060385098648,4.250273586232246,1.300812794118117,0.9514928425598849,17.409520062942565,1286990,Team17,"Jordan Mochi,Catchweight Studio"
Tavern Talk,2024-06-20,6,Indie,20589,17.99,309239.0,8.77890297251394,92,92.0,True,False,5.49029426020329,4.313635253610334,1.2550311633455513,0.9434402490780374,15.019622128320949,2076140,Gentle Troll Entertainment,Gentle Troll Entertainment
Survisland / 实境求生,2024-04-14,4,Indie,46318,14.99,309178.0,8.71751675590061,65,65.0,True,False,5.490208583504615,4.665749798393899,1.1758016328482794,0.9403927908043297,6.675115505850857,839630,Easy Joy Ltd.,Super Trampers Studio
Northend Tower Defense,2024-09-04,9,Indie,64646,7.99,308936.0,4.689085364892894,82,82.0,True,False,5.489868519147585,4.8105416578835305,0.9025467793139914,0.6710881391505508,4.778888098258206,1669170,"Northend Games,Gamersky Games",Northend Games
Galacticare,2024-05-23,5,Indie,12476,29.99,308759.0,13.6652980123679,91,91.0,True,False,5.489619625679447,4.096075366085106,1.476976465759527,1.1356191072116768,24.74823661429945,494730,CULT Games,Brightrock Games
Master Detective Archives: RAIN CODE Plus,2024-07-17,7,AA,5701,59.99,307802.0,14.836618388852264,79,79.0,True,False,5.48827143741275,3.755951041004132,1.778078861937455,1.1713349263867756,53.99087879319418,2903950,"Spike Chunsoft Co., Ltd.","Spike Chunsoft Co., Ltd."
Shadow Corridor 2 雨ノ四葩,2024-03-29,3,Indie,20555,18.99,307662.0,33.5026854448185,87,87.0,True,False,5.488073858907703,4.312917481116369,1.2785249647370176,1.5250796197867824,14.967745074191194,2310700,Space Onigiri Game LLC,Space Onigiri Game LLC
Minds Beneath Us,2024-07-31,7,Indie,18389,19.99,306334.0,8.99478181049897,0,,False,False,5.486195201811191,4.264558112800327,1.300812794118117,0.9539906329794478,16.658545869813477,1610440,BearBoneStudio,BearBoneStudio
Seven Lovers In The House,2024-03-26,3,Indie,43904,9.99,305905.0,5.261912776052523,82,82.0,True,False,5.485586575561544,4.642504089690639,0.9995654882259823,0.7211436447392237,6.967588374635569,2774830,Concrete Interactive顽石发行,Tofu Studio
"Braid, Anniversary Edition",2024-05-14,5,Indie,28250,19.99,302053.0,5.463457597179698,95,95.0,True,False,5.480083153513509,4.451018452155457,1.300812794118117,0.7374675767926993,10.692141592920354,499180,"Thekla, Inc.","Thekla, Inc."
Isles of Sea and Sky,2024-05-22,5,Indie,18161,19.99,301453.0,10.816936790814603,92,92.0,True,False,5.479219610234752,4.259139758421019,1.300812794118117,1.0341042918985812,16.598920764275096,1233070,"Cicada Games,Gamera Games",Cicada Games
Bingle Bingle,2024-03-18,3,Indie,30163,10.99,301311.0,3.3555247951829443,87,87.0,True,False,5.4790149868081,4.479474534102625,1.0409976924234905,0.525760452322731,9.989424128899644,2789810,Knitting Games,Knitting Games
Wings of Seduction: Bust 'em out!,2024-07-19,7,Indie,29429,12.99,299544.0,8.826653736954144,96,96.0,True,False,5.476460624901217,4.468775504985764,1.113609151073028,0.9457960898727453,10.178531380610965,2455140,"Hide Games,Ramen Cat Studio",Ramen Cat Studio
Vigor,2024-05-16,5,AA,16585,19.99,298380.0,17.057238219828335,54,54.0,True,False,5.4747697096158685,4.2197154758555016,1.300812794118117,1.2319087148159962,17.990955682845946,2818260,Bohemia Interactive,Bohemia Interactive
反转21克,2024-02-01,2,Indie,46368,8.99,294934.0,11.705099196192378,76,76.0,True,False,5.469724840918156,4.666218363791081,0.9537596917332288,1.0683750985261442,6.360722912353348,2685620,想象颗粒,想象颗粒
Tales of Kenzera™: ZAU,2024-04-23,4,AAA,17529,19.99,292022.0,5.795633305036823,82,82.0,True,False,5.465415571032977,4.24375714102993,1.300812794118117,0.7631008994635602,16.659364481716015,2316580,Electronic Arts,Surgent Studios
hololive Treasure Mountain,2024-07-31,7,Indie,36003,8.99,291300.0,8.571670578322678,97,97.0,True,False,5.464340484627667,4.556338690466229,0.9537596917332288,0.9330654721264684,8.090992417298558,2972990,holo Indie,BeXide Inc.
The Saboteur™,2024-03-07,3,AAA,53376,9.99,290153.0,12.83074271799272,92,92.0,True,False,5.462627065256262,4.7273460246216255,0.9995654882259823,1.1082517965923793,5.436019934052758,24880,Electronic Arts,Pandemic Studios
New Star GP,2024-03-07,3,Indie,16009,29.99,286736.0,8.869371110870562,0,,False,False,5.457482222488993,4.2043642046210055,1.476976465759527,0.947892826961218,17.910925104628646,2217580,Five Aces Publishing Ltd.,New Star Games Ltd.
Kill It With Fire 2,2024-04-16,4,AA,22552,14.99,286580.0,5.995546638251118,95,95.0,True,False,5.457245878340744,4.353185062863546,1.1758016328482794,0.777828785625573,12.707520397304007,2357000,tinyBuild,Casey Donnellan Games LLC
Factory Town Idle,2024-01-08,1,Indie,74350,4.99,284695.0,39.89461498709381,91,91.0,True,False,5.454379839849878,4.871280972857973,0.69810054562339,1.6009142781623935,3.829119031607263,2207490,Erik Asmussen,Erik Asmussen
Our Adventurer Guild,2024-04-12,4,Indie,23699,14.99,284501.0,39.46176078042124,100,100.0,True,False,5.454083797246797,4.374730020961813,1.1758016328482794,1.5961764595314833,12.004768133676526,2026000,GreenGuy,GreenGuy
Fantasy Map Simulator,2024-09-04,9,Indie,43880,7.99,283947.0,2.402464122744893,0,,False,False,5.453237284569651,4.642266618902673,0.9025467793139914,0.3806569108420356,6.470989061075661,3035500,The Stranger,The Stranger
Vaygren - Lustful Temptation,2024-05-15,5,Indie,41551,7.99,283824.0,1.331909162554531,94,94.0,True,False,5.453049116374693,4.618581480328452,0.9025467793139914,0.12447460655608628,6.830738129046233,1771700,Critical Bliss,Cyberframe Studios
That Time I Got Reincarnated as a Slime ISEKAI Chronicles,2024-08-07,8,AA,6298,49.99,283353.0,8.587601388172795,50,50.0,True,False,5.452327815094856,3.7992026563005252,1.6988831367525903,0.9338718775277575,44.99094950778025,2197680,Bandai Namco Entertainment Inc.,"ZOC Co.,Ltd."
LoveXLust,2024-09-06,9,Indie,10749,34.99,280098.0,1.939318005493168,72,72.0,True,False,5.4473100078165535,4.031368062885773,1.5439439424829065,0.2876490296599015,26.058051911805748,2647060,CTM,CTM
My Recycling Center,2024-02-01,2,Indie,20320,14.99,279126.0,16.77815428837053,0,,False,False,5.445800291990659,4.307923703611881,1.1758016328482794,1.2247441837594266,13.736515748031495,2613060,Darius Bode,Darius Bode
City Transport Simulator: Tram,2024-06-20,6,Indie,10531,29.99,278620.0,7.81314752428626,65,65.0,True,False,5.445012287887958,4.022469612767769,1.476976465759527,0.8928260245372232,26.45712657867249,2604480,Dovetail Games,ViewApp
Motel Manager Simulator,2024-08-26,8,Indie,18451,17.99,277766.0,11.984054149778297,90,90.0,True,False,5.44367908475629,4.266019908853498,1.2550311633455513,1.0786037627132667,15.054251802070349,2594540,Denzone Games,Denzone Games
The Secret Atelier,2024-02-26,2,Indie,19943,16.99,276924.0,1.732537658664651,86,86.0,True,False,5.442360596106311,4.299790489253733,1.2301933788690456,0.2386826832679747,13.885774457203029,2799690,Denpasoft,KENZsoft
Coffee Caravan,2024-05-20,5,Indie,29571,11.99,276349.0,4.877388018812072,92,92.0,True,False,5.441457897377111,4.470866011274125,1.0788191830988487,0.6881873071039157,9.345270704406344,2649080,Broccoli Games,Broccoli Games
Touhou Genso Wanderer -FORESIGHT-,2024-05-14,5,Indie,9637,34.99,275769.0,15.744549618397478,0,,False,False,5.4405454442704855,3.983941858983888,1.5439439424829065,1.197130241914938,28.615648023243747,1847150,Phoenixx Inc.,"AQUASTYLE,ankaa studio"
Revival: Recolonization,2024-04-11,4,Indie,11698,29.99,274280.0,7.034563470064829,84,84.0,True,False,5.438194140793337,4.068111617027303,1.476976465759527,0.8472371524567371,23.44674303299709,1306770,HeroCraft PC,HeroCraft PC
Shut Up and Dance: Special Edition,2024-05-30,5,Indie,17701,17.99,273599.0,4.888716221882648,90,90.0,True,False,5.437114505711545,4.24799780208012,1.2550311633455513,0.6891948282543514,15.456697361730976,2218930,Boring Games,Boring Games
Rise of Gun,2024-03-25,3,Indie,32764,10.99,272968.0,4.866904160347173,85,85.0,True,False,5.436111737744105,4.515396917260586,1.0409976924234905,0.6872527941493649,8.33133927481382,2319640,PimpGameStudio,PimpGameStudio
Anomaly Collapse,2024-04-11,4,Indie,16403,19.99,272494.0,14.25436172637584,84,84.0,True,False,5.435356944060077,4.214923284894898,1.300812794118117,1.1539477754919223,16.61244894226666,2082410,RocketPunch Games,RocketPunch Games
My Island,2024-05-01,5,Indie,42250,14.99,271974.0,6.532271264036645,68,68.0,True,False,5.434527388606851,4.625826713285711,1.1758016328482794,0.8150642112802028,6.437254437869822,1004270,SnowBaby Games,SnowBaby Games
Love challenge,2024-01-15,1,Indie,25372,12.99,267903.0,1.757281516373071,81,81.0,True,False,5.4279775769010445,4.404354702725426,1.113609151073028,0.2448413410136586,10.55900204950339,2334130,"Playmeow,CS Game","雪山雞白郎,SnowGBL"
Synergy,2024-05-21,5,Indie,13623,24.99,267742.0,9.27115182143235,86,86.0,True,False,5.4277165031910615,4.134272756620629,1.39776625612645,0.9671336930028969,19.653673933788447,1989070,"Goblinz Publishing,H2 Interactive Co., Ltd.",Leikir Studio
Sixty Four,2024-03-04,3,Indie,50062,5.99,267621.0,18.30170091618245,0,,False,False,5.427520189164111,4.699508195883737,0.7774268223893114,1.262491453893529,5.3457912188885786,2659900,Playsaurus,Oleg Danilov
METAL SLUG ATTACK RELOADED,2024-06-18,6,Indie,29455,9.99,264829.0,24.327025528214605,73,73.0,True,False,5.422965540625555,4.4691590270720125,0.9995654882259823,1.3860890108768145,8.990969275165506,2322440,SNK CORPORATION,SNK CORPORATION
Dice Kingdoms,2024-04-05,4,Indie,20598,14.99,264059.0,12.996371134038808,89,89.0,True,False,5.42170097426241,4.313825053809394,1.1758016328482794,1.1138221048862162,12.819642683755704,1501690,Fivemid Studio,Fivemid Studio
Black Myth: Wukong,2024-08-19,8,AAA,15517278,59.99,837793356.0,20.065040850375343,96,96.0,True,False,8.923136911928783,7.1908155408101555,1.778078861937455,1.302440048249999,53.990999967906745,2358720,Game Science,Game Science
HELLDIVERS™ 2,2024-02-08,2,AAA,11905198,39.99,435635596.0,39.2059601690564,71,71.0,True,False,8.639123358950526,7.075736622722196,1.6019514041335217,1.5933520943615371,36.592049624038175,553850,PlayStation Publishing LLC,Arrowhead Game Studios
Palworld,2024-01-18,1,AA,16704850,29.99,392328553.0,41.84076108534572,94,94.0,True,False,8.593649916488166,7.222842580275571,1.476976465759527,1.6215995757674315,23.485906967138288,1623730,Pocketpair,Pocketpair
Sons Of The Forest,2024-02-22,2,AA,8693478,29.99,217017892.0,17.34120548403574,86,86.0,True,False,8.336495540652892,6.939193559419855,1.476976465759527,1.2390792844243552,24.9632991536874,1326470,Newnight,Endnight Games Ltd
Dragon's Dogma 2,2024-03-21,3,AAA,1785028,69.99,111478291.0,31.68705023106798,0,,False,False,8.047190302210636,6.251645032857243,1.845035993513415,1.5008818123049745,62.45184445286012,2054970,"CAPCOM Co., Ltd.","CAPCOM Co., Ltd."
The First Descendant,2024-06-30,6,AA,4043850,0.0,102244808.0,49.8702302718194,55,55.0,True,True,8.009641263728769,6.606795037774433,,1.6978413735432,25.28402586643916,2074920,NEXON,"NEXON Games Co., Ltd."
Last Epoch,2024-02-21,2,AA,3300623,34.99,97723674.0,51.95523761434153,86,86.0,True,False,7.989999786258135,6.518595921673554,1.5439439424829065,1.7156293353840195,29.60764498096269,899770,Eleventh Hour Games,Eleventh Hour Games
7 Days to Die,2024-07-25,7,AA,9877443,44.99,89781931.0,85.91358519475969,89,89.0,True,False,7.953188941827787,6.99464453216701,1.6531159931655668,1.9340618426278033,9.089592417794767,251570,The Fun Pimps Entertainment LLC,The Fun Pimps
V Rising,2024-05-08,5,AA,4784609,34.99,83614738.0,32.69529338148719,0,,False,False,7.92228283327575,6.679846452858804,1.5439439424829065,1.5144852387285832,17.47577241943908,1604030,Stunlock Studios,Stunlock Studios
Manor Lords,2024-04-26,4,AA,2294915,39.99,63098408.0,16.702169048666715,88,88.0,True,False,7.8000184019456045,6.360766604594591,1.6019514041335217,1.2227728750216482,27.4948780238048,1363080,Hooded Horse,Slavic Magic
Enshrouded,2024-01-24,1,AA,2338262,29.99,57595515.0,37.76789566288458,87,87.0,True,False,7.760388665947726,6.368893171829783,1.476976465759527,1.5771227876483607,24.631762822130284,1203620,Keen Games GmbH,Keen Games GmbH
Ghost of Tsushima DIRECTOR'S CUT,2024-05-16,5,AAA,925123,59.99,49948315.0,26.17833373173042,92,92.0,True,False,7.698520841940475,5.966199478328221,1.778078861937455,1.4179419999632168,53.99099903472296,2215430,PlayStation Publishing LLC,"Sucker Punch Productions,Nixxes Software"
Granblue Fantasy: Relink,2024-01-31,1,AA,1057697,59.99,49035237.0,53.90617871692726,90,90.0,True,False,7.6905082786988315,6.024361272543418,1.778078861937455,1.7316385467985467,46.36038203757787,881020,"Cygames, Inc.","Cygames, Inc."
TEKKEN 8,2024-01-25,1,AAA,734722,69.99,45285110.0,60.82372173009936,71,71.0,True,False,7.655955427005024,5.866123044248289,1.845035993513415,1.7840729905761787,61.63570711098892,1778820,Bandai Namco Entertainment,Bandai Namco Studios Inc.
Hades II,2024-05-06,5,AA,1582696,29.99,42718547.0,22.847145780597383,0,,False,False,7.630616472470551,6.199397504754181,1.476976465759527,1.3588319528014356,26.990999534970708,1145350,Supergiant Games,Supergiant Games
Persona 3 Reload,2024-02-01,2,AA,612576,69.99,34601865.0,35.384946285028754,95,95.0,True,False,7.539099507387586,5.78715997766196,1.845035993513415,1.5488185406751098,56.48583196207491,2161700,SEGA,ATLUS
Once Human,2024-07-09,7,Indie,5709407,0.0,34530561.0,42.261045196968674,72,72.0,True,True,7.538203634162521,6.756591003166749,,1.6259402337873488,6.048011816288452,2139460,Starry Studio,Starry Studio
Gray Zone Warfare,2024-04-30,4,Indie,1032731,34.99,34030740.0,31.906496989180315,67,67.0,True,False,7.5318713929518895,6.013987213650017,1.5439439424829065,1.5038791256670372,32.952182126807465,2479810,"MADFINGER Games, a.s.","MADFINGER Games, a.s."
Blade and Sorcery,2024-06-17,6,Indie,1606175,29.99,31266686.0,19.72078698069728,97,97.0,True,False,7.4950818521996165,6.205792861860363,1.476976465759527,1.2949242419720541,19.4665500334646,629730,WarpFrog,WarpFrog
The Outlast Trials,2024-03-05,3,AA,1230011,39.99,30878209.0,24.44136754786277,94,94.0,True,False,7.4896521024158265,6.089908995356422,1.6019514041335217,1.3881255019745555,25.104010451939047,1304930,Red Barrels,Red Barrels
Supermarket Simulator,2024-02-20,2,Indie,2514219,12.99,26020639.0,18.640685149153384,94,94.0,True,False,7.415317957512515,6.400403104037742,1.113609151073028,1.2704618710559505,10.349392395809591,2670630,Nokta Games,Nokta Games
Horizon Forbidden West™ Complete Edition,2024-03-21,3,AAA,422985,59.99,22958942.0,47.24976034274703,91,91.0,True,False,7.3609518709145805,5.6263249665884345,1.778078861937455,1.6743996100498009,54.2783833942102,2420110,PlayStation Publishing LLC,"Guerrilla,Nixxes Software"
The Planet Crafter,2024-04-10,4,Indie,1381487,23.99,21286732.0,28.17299459798124,97,97.0,True,False,7.328108992424381,6.140346802495507,1.3800302479678306,1.449833011993128,15.408564829057385,1284190,Miju Games,Miju Games
Like a Dragon: Infinite Wealth,2024-01-25,1,AA,369330,69.99,21265220.0,38.898038241940334,91,91.0,True,False,7.327669880080458,5.567414586029773,1.845035993513415,1.5899276989559417,57.57783012482062,2072450,SEGA,Ryu Ga Gotoku Studio
Balatro,2024-02-20,2,Indie,1602797,14.99,20479210.0,32.72552809973843,97,97.0,True,False,7.311313199410329,6.204878520880287,1.1758016328482794,1.5148866635941225,12.777170159415071,2379780,Playstack,LocalThunk
Core Keeper,2024-08-27,8,Indie,2023964,19.99,20361907.0,34.07567413063779,92,92.0,True,False,7.308818449538648,6.306202783493654,1.300812794118117,1.532444456386977,10.060409671318263,1621690,Fireshine Games,Pugstorm
Bodycam,2024-06-07,6,Indie,632326,33.32,17732078.0,8.028879614183062,74,74.0,True,False,7.248759633009379,5.80094103951428,1.52270499273475,0.904654946109825,28.04262042047931,2406770,Reissad Studio,Reissad Studio
Chained Together,2024-06-19,6,Indie,3946801,4.99,17039291.0,4.298188585202378,89,89.0,True,False,7.231451519938093,6.59624522956738,0.69810054562339,0.63328546646394,4.317240975666115,2567870,Anegar Games,Anegar Games
No Rest for the Wicked,2024-04-18,4,AA,517447,39.99,15949990.0,18.78873197851241,0,,False,False,7.202760415108173,5.71386587338248,1.6019514041335217,1.2738974712491509,30.82439360939381,1371980,Private Division,Moon Studios GmbH
Firestone: Online Idle RPG,2024-04-01,4,Indie,335093,0.0,15689364.148647271,296.3328524525871,79,79.0,True,True,7.195605343056057,5.525165355638536,,2.471779801490065,46.82092478400704,1013320,Holyday Studios,Holyday Studios
WARNO,2024-05-23,5,Indie,449407,39.99,14143225.0,28.25157586674716,82,82.0,True,False,7.150548450479732,5.652639832741982,1.6019514041335217,1.4510426776826992,31.47086048948948,1611600,Eugen Systems,Eugen Systems
F1® 24,2024-05-31,5,AAA,188513,69.99,10996510.0,25.24621722157666,63,63.0,True,False,7.0412548735004155,5.275341304852634,1.845035993513415,1.4021963146183556,58.33290011829423,2488620,Electronic Arts,Codemasters
NBA 2K25,2024-09-03,9,AAA,171817,69.99,10822924.0,9.623975638287607,47,47.0,True,False,7.034344608784415,5.2350661317940235,1.845035993513415,0.9833545149790605,62.99099623436563,2878980,2K,Visual Concepts
Summoners War,2024-01-07,1,Indie,540801,0.0,10787342.0,112.85633956732288,0,,False,True,7.032914447747075,5.73303748599216,,2.0525259600622046,19.94697125190227,2426960,Com2uS,Com2uS
Nightingale,2024-02-20,2,Indie,415122,29.99,10758811.0,26.825273305586048,64,64.0,True,False,7.031764278331175,5.618175750062259,1.476976465759527,1.4285441554097775,25.91722674298158,1928980,Inflexion Games,Inflexion Games
Dead Island 2,2024-04-22,4,AA,349091,59.99,10669532.0,13.86405299768773,73,73.0,True,False,7.028145370289038,5.5429386523068125,1.778078861937455,1.1418902098731532,30.56375558235532,934700,Deep Silver,Dambuster Studios
Deep Rock Galactic: Survivor,2024-02-14,2,Indie,1369698,9.99,10517722.0,21.29562386113439,86,86.0,True,False,7.021921687540231,6.136624821615062,0.9995654882259823,1.3282903673719408,7.678862055723233,2321470,Ghost Ship Publishing,Funday Games
Abiotic Factor,2024-05-02,5,Indie,520841,24.99,10501115.0,18.452732943062458,96,96.0,True,False,7.0212354145593086,5.716705164064173,1.39776625612645,1.2660606964676504,20.161844017656065,427410,Playstack,Deep Field Games
Smalland: Survive the Wilds,2024-02-15,2,Indie,469162,34.99,10468105.0,10.92605713675568,86,86.0,True,False,7.0198680701669165,5.67132282897922,1.5439439424829065,1.038463467285357,22.31234626845312,768200,"Merge Games,Maximum Entertainment",Merge Games
Lust Goddess,2024-02-21,2,Indie,456707,0.0,9695496.0,33.54434298588976,48,48.0,True,True,6.986570031522303,5.659637668138806,,1.5256192900143337,21.229138156411004,2808930,BRAWEA LTD,BRAWEA LTD
Suicide Squad: Kill the Justice League,2024-02-02,2,AAA,174510,69.99,9602451.0,15.856901582942724,72,72.0,True,False,6.98238209969726,5.24182031851803,1.845035993513415,1.2002183307187388,55.02521918514698,315210,Warner Bros. Games,Rocksteady Studios
Pacific Drive,2024-02-21,2,Indie,401030,29.99,9517954.0,18.18111832392309,0,,False,False,6.978543601534977,5.60317686226387,1.476976465759527,1.2596205932408047,23.733770540857293,1458140,Kepler Interactive,Ironwood Studios
Content Warning,2024-04-01,4,AA,1448054,7.99,9426045.0,8.945764643641505,95,95.0,True,False,6.974329508753241,6.16078475762407,0.9025467793139914,0.9516174680248396,6.509456829648618,2881650,Landfall,"thePetHen,Skog,Zorro,Wilnyl,Philip"
Workers & Resources: Soviet Republic,2024-06-20,6,AA,456555,39.99,9363299.0,91.46189909283493,93,93.0,True,False,6.97142889201436,5.659493103354858,1.6019514041335217,1.9612402147242625,20.50858932658716,784150,Hooded Horse,3Division
UBOAT,2024-08-02,8,AA,600124,29.99,9013215.0,31.07835947660008,82,82.0,True,False,6.954879730791314,5.778240995303248,1.476976465759527,1.4924580857703131,15.018921089641474,494840,PlayWay S.A.,Deep Water Studio
Infection Free Zone,2024-04-11,4,Indie,452146,24.99,8739530.0,14.494431536608284,73,73.0,True,False,6.9414880774976755,5.655278693121232,1.39776625612645,1.1612011872415247,19.32899992480305,1465460,Games Operators,Jutsu Games
Dark and Darker,2024-06-07,6,Indie,2640903,0.0,8706135.0,31.97402719520565,74,74.0,True,True,6.939825397177053,6.421752449923931,,1.504797340009766,3.296650804667949,2016590,IRONMACE,IRONMACE
Songs of Conquest,2024-05-20,5,AA,501474,34.99,8641459.0,11.891151791901212,88,88.0,True,False,6.936587073746884,5.700248421006996,1.5439439424829065,1.0752239229652347,17.23211771697037,867210,Coffee Stain Publishing,Lavapotion
GUNDAM BREAKER 4,2024-08-28,8,AA,156339,59.99,8440898.0,14.733899002290528,81,81.0,True,False,6.926388652277169,5.194067329727592,1.778078861937455,1.1683176885337803,53.99099392985755,1672500,Bandai Namco Entertainment Inc.,"CRAFTS ＆ MEISTER Co., Ltd"
Peglin,2024-08-27,8,Indie,544144,19.99,8125042.0,30.16099467784799,82,82.0,True,False,6.909825614613508,5.735713844789563,1.300812794118117,1.4794456600086583,14.931786438883824,1296610,"Red Nexus Games Inc.,IndieArk",Red Nexus Games Inc.
